rms_energy,zero_crossing_rate,spectral_centroid,spectral_bandwidth,spectral_rolloff,mfcc_1_mean,mfcc_1_std,mfcc_1_skew,mfcc_1_kurtosis,mfcc_2_mean,mfcc_2_std,mfcc_2_skew,mfcc_2_kurtosis,mfcc_3_mean,mfcc_3_std,mfcc_3_skew,mfcc_3_kurtosis,mfcc_4_mean,mfcc_4_std,mfcc_4_skew,mfcc_4_kurtosis,mfcc_5_mean,mfcc_5_std,mfcc_5_skew,mfcc_5_kurtosis,mfcc_6_mean,mfcc_6_std,mfcc_6_skew,mfcc_6_kurtosis,mfcc_7_mean,mfcc_7_std,mfcc_7_skew,mfcc_7_kurtosis,mfcc_8_mean,mfcc_8_std,mfcc_8_skew,mfcc_8_kurtosis,mfcc_9_mean,mfcc_9_std,mfcc_9_skew,mfcc_9_kurtosis,mfcc_10_mean,mfcc_10_std,mfcc_10_skew,mfcc_10_kurtosis,mfcc_11_mean,mfcc_11_std,mfcc_11_skew,mfcc_11_kurtosis,mfcc_12_mean,mfcc_12_std,mfcc_12_skew,mfcc_12_kurtosis,mfcc_13_mean,mfcc_13_std,mfcc_13_skew,mfcc_13_kurtosis,mfcc_14_mean,mfcc_14_std,mfcc_14_skew,mfcc_14_kurtosis,mfcc_15_mean,mfcc_15_std,mfcc_15_skew,mfcc_15_kurtosis,mfcc_16_mean,mfcc_16_std,mfcc_16_skew,mfcc_16_kurtosis,mfcc_17_mean,mfcc_17_std,mfcc_17_skew,mfcc_17_kurtosis,mfcc_18_mean,mfcc_18_std,mfcc_18_skew,mfcc_18_kurtosis,mfcc_19_mean,mfcc_19_std,mfcc_19_skew,mfcc_19_kurtosis,mfcc_20_mean,mfcc_20_std,mfcc_20_skew,mfcc_20_kurtosis,f0_mean,f0_std,f0_min,f0_max,f0_range,jitter_absolute,jitter_relative,jitter_ppq5,shimmer_absolute,shimmer_relative,hnr,formant_mean,formant_std,filename,label
0.27724310755729675,0.07805869020061729,1047.9515568418633,702.7670195373846,1434.8822699652778,-185.8911590576172,12.19459342956543,2.98463773727417,15.531583786010742,226.3570556640625,10.51928997039795,0.42359307408332825,19.863658905029297,-96.43843078613281,7.118985652923584,0.6751366257667542,2.4984192848205566,-27.956130981445312,4.740067005157471,0.45563629269599915,-0.012704133987426758,-5.374027729034424,5.006536960601807,-0.760436475276947,3.7051329612731934,-48.67212677001953,6.140687942504883,-0.186797097325325,1.4179749488830566,14.406997680664062,3.135594606399536,0.32240772247314453,0.42063260078430176,2.4358246326446533,5.2925262451171875,0.16641458868980408,0.437591552734375,-33.17738342285156,2.51153564453125,0.5940614938735962,0.8757922649383545,11.156486511230469,2.8559343814849854,-0.4074081480503082,0.14760684967041016,5.2297682762146,3.670485496520996,-0.00020900271192658693,-0.8406803607940674,-6.708689212799072,3.2141709327697754,-1.0246425867080688,2.471889019012451,16.805187225341797,5.011391639709473,0.11423853784799576,-0.8570756912231445,-14.065230369567871,3.9668619632720947,1.8648154735565186,3.772343158721924,-24.9655818939209,2.591249704360962,-0.18001790344715118,0.46689510345458984,3.0716464519500732,3.9254047870635986,-0.6291984915733337,1.4323267936706543,-13.266206741333008,2.974325180053711,0.6065707802772522,0.5683107376098633,-9.735429763793945,3.2105443477630615,-0.10548607259988785,-0.7005977630615234,13.981104850769043,2.208989381790161,-0.47179222106933594,0.08617448806762695,-8.698452949523926,2.9957480430603027,1.3351354598999023,2.8988356590270996,667.9676513671875,46.2028923034668,642.5531616210938,1122.0396728515625,479.48651123046875,8.23714542388916,0.012331653386354446,0.009243316017091274,0.09643833339214325,0.06421151012182236,13.975719451904297,807.6220818285672,392.42154608974533,AH_064F_7AB034C9-72E4-438B-A9B3-AD7FDA1596C5.wav,healthy
0.18160803616046906,0.06584821428571429,873.6997495484826,617.6046101260871,1305.72509765625,-212.94622802734375,22.602188110351562,0.6474825739860535,0.3090524673461914,252.37452697753906,9.848636627197266,0.3114736080169678,-0.09785890579223633,-70.11149597167969,13.256771087646484,-0.5819083452224731,-0.0770576000213623,-24.30447769165039,10.766210556030273,-0.40996453166007996,-0.5530624389648438,3.932896137237549,11.544784545898438,-0.17645809054374695,-0.8375136852264404,-41.75954055786133,7.86693811416626,-0.056597545742988586,0.6150965690612793,3.2598776817321777,7.3203816413879395,0.09260875731706619,-1.0142276287078857,4.690951347351074,9.312433242797852,0.560345470905304,-0.20364737510681152,-23.60908317565918,4.599526882171631,0.8398861885070801,0.5607795715332031,2.5271780490875244,6.860638618469238,-0.23895850777626038,0.214613676071167,-0.8015922904014587,3.1944260597229004,-0.059252042323350906,-0.7180724143981934,-9.001702308654785,3.609509229660034,0.031481824815273285,-0.4739573001861572,5.777890682220459,3.797652006149292,0.26080334186553955,-0.13336944580078125,-11.677925109863281,3.1359801292419434,-0.34110864996910095,-0.2612617015838623,-14.067115783691406,3.755619764328003,-0.30010730028152466,-0.37461090087890625,0.3167135715484619,3.3013410568237305,-0.22545596957206726,-0.18892478942871094,-14.210872650146484,3.126100540161133,-0.21732844412326813,0.09664702415466309,-6.604482650756836,3.2601072788238525,-0.35368290543556213,-0.04288339614868164,7.583285808563232,2.7060317993164062,-0.1922111064195633,-0.21360039710998535,-11.821847915649414,3.3252198696136475,-0.08582708984613419,-0.45466113090515137,546.5123291015625,307.9925231933594,216.35829162597656,1147.0113525390625,930.653076171875,79.90387725830078,0.14620690047740936,0.15402443706989288,0.12293469905853271,0.1115274578332901,10.132776260375977,798.4209498355264,422.607516175548,AH_114S_A89F3548-0B61-4770-B800-2E26AB3908B6.wav,healthy
0.2729871869087219,0.04936759702620968,845.6442998056307,658.6442452221924,1310.4864305065523,-215.1867218017578,15.621180534362793,1.610174536705017,3.671187400817871,212.40965270996094,10.567935943603516,1.0212597846984863,0.6630182266235352,-63.527320861816406,10.726751327514648,-0.8599185347557068,2.56607723236084,-15.014873504638672,9.187378883361816,-0.37092331051826477,1.0508298873901367,2.571514368057251,4.025918006896973,0.5285301804542542,-0.14978384971618652,-36.72318649291992,4.9900007247924805,2.1286721229553223,11.087846755981445,14.314399719238281,3.552450656890869,0.3738149404525757,2.4122161865234375,8.136820793151855,3.741854667663574,0.6710689067840576,1.407728672027588,-27.558712005615234,3.804161548614502,0.7063679099082947,2.7804737091064453,1.4535995721817017,4.278107643127441,0.6048680543899536,-0.3213174343109131,-1.727922797203064,3.780573844909668,-0.12800730764865875,-0.93251633644104,-18.760217666625977,3.1034553050994873,-1.2613255977630615,3.105213165283203,-4.981219291687012,4.206221580505371,0.3220871686935425,-0.5876011848449707,-13.92803955078125,3.101846218109131,-0.017130982130765915,-0.5054574012756348,-13.947482109069824,3.422792911529541,0.7921236753463745,1.9376187324523926,1.087932825088501,3.241773843765259,1.313262701034546,4.015470504760742,-10.571685791015625,2.754460096359253,1.4080592393875122,5.464947700500488,-10.688821792602539,3.0018179416656494,1.4647436141967773,5.0412139892578125,-4.539113998413086,3.087535858154297,1.2068281173706055,3.164907455444336,-14.267345428466797,2.4346389770507812,0.2809949815273285,0.3246750831604004,327.7979431152344,223.3086395263672,223.32383728027344,947.2706298828125,723.94677734375,36.96583557128906,0.1127701848745346,0.10630529373884201,0.08682015538215637,0.07400968670845032,20.058269500732422,833.4088493795956,407.5951603546056,AH_121A_BD5BA248-E807-4CB9-8B53-47E7FFE5F8E2.wav,healthy
0.23278465867042542,0.057959771925403226,942.7707968366644,742.2516838111551,1439.5988218245968,-183.02902221679688,13.706430435180664,0.7123212814331055,3.0768280029296875,252.10305786132812,7.79155969619751,-1.5581825971603394,11.578681945800781,-79.56285858154297,7.546956539154053,0.17012085020542145,-0.13745498657226562,-9.637964248657227,5.388045310974121,-0.4451020061969757,4.491403579711914,6.504621505737305,4.5458855628967285,-0.26568081974983215,1.1333951950073242,-49.68449401855469,5.179177284240723,2.237410068511963,13.628738403320312,13.514963150024414,3.1295764446258545,-0.24980907142162323,0.6524322032928467,9.138589859008789,3.16340708732605,-0.5996121168136597,-0.07920718193054199,-31.73908805847168,3.174725294113159,0.7707135677337646,4.665524959564209,4.4509406089782715,3.1311936378479004,-0.3924587070941925,0.16573596000671387,3.487807035446167,3.446911573410034,0.8457229733467102,0.6134624481201172,-8.733846664428711,3.7914810180664062,0.5449609756469727,-0.4612898826599121,3.334015369415283,2.505863666534424,-0.5387723445892334,0.2773396968841553,-23.795621871948242,2.308955192565918,0.18102465569972992,-0.45031285285949707,-23.363740921020508,2.284174919128418,0.07309625297784805,0.5049450397491455,0.707034707069397,2.091007947921753,-0.7340865731239319,1.8004779815673828,-16.116588592529297,2.003840684890747,0.5820276737213135,0.4589557647705078,-5.69265079498291,2.112182855606079,-0.01923496276140213,1.7978501319885254,9.974839210510254,2.0588090419769287,-0.9458035826683044,3.2656707763671875,-18.98700523376465,1.969599723815918,1.0727027654647827,2.618311882019043,719.76171875,7.531541347503662,705.3816528320312,748.6690673828125,43.28741455078125,1.9565900564193726,0.002718385774642229,0.0019664312712848186,0.07659337669610977,0.05456367880105972,15.981040954589844,762.2427264895712,453.66442345494687,AH_123G_559F0706-2238-447C-BA39-DB5933BA619D.wav,healthy
0.14673878252506256,0.08844597785027472,1169.3919725981068,788.9538253053145,1892.6739032451924,-220.9405517578125,28.158044815063477,1.7861998081207275,6.076250076293945,219.5140380859375,12.208168029785156,-0.33952876925468445,4.120398044586182,-91.53852844238281,13.795563697814941,-0.06359615921974182,-0.4320223331451416,-21.122873306274414,5.766825199127197,1.1602095365524292,3.375523567199707,-8.612597465515137,5.931403160095215,-0.991122841835022,5.163427352905273,-52.66762924194336,8.836522102355957,0.6643725037574768,3.0782485008239746,25.749784469604492,2.6401402950286865,-0.056970614939928055,0.38190531730651855,15.876920700073242,5.986298084259033,0.868082582950592,0.6545860767364502,-40.06652069091797,3.9920287132263184,1.0045498609542847,3.3288044929504395,1.9120620489120483,4.329224586486816,0.06892244517803192,1.3087334632873535,10.494532585144043,3.8758392333984375,-0.12103534489870071,0.9317286014556885,-9.673373222351074,4.9652886390686035,-0.19261696934700012,-0.6134288311004639,6.827169418334961,5.152717113494873,-0.6183531880378723,-0.20469045639038086,-7.647360324859619,4.155588150024414,-0.6092124581336975,1.131739616394043,-22.75116729736328,3.1390058994293213,0.9575837850570679,3.0999865531921387,-10.129429817199707,3.0938401222229004,0.6631302237510681,4.046048164367676,-10.442489624023438,3.3931925296783447,-0.13206858932971954,-0.15844368934631348,0.7017719149589539,2.044682025909424,-0.21533365547657013,0.5399360656738281,6.744938850402832,3.73299503326416,0.09135299175977707,0.15398883819580078,-10.045438766479492,2.994612693786621,-0.24909040331840515,0.8636178970336914,883.5969848632812,189.5410919189453,646.7620849609375,1235.6358642578125,588.873779296875,93.8260498046875,0.10618647933006287,0.10855639725923538,0.06872930377721786,0.07585293799638748,11.012640953063965,929.4855483235476,616.1873990812204,AH_195B_39DA6A45-F4CC-492A-80D4-FB79049ACC22.wav,healthy
0.20729826390743256,0.07025188577586207,1037.6596996783162,701.6699230759114,1450.2983566810344,-201.46864318847656,14.125115394592285,0.5800320506095886,2.7489676475524902,243.45816040039062,7.048356056213379,1.2993624210357666,6.062872886657715,-99.2782211303711,10.203632354736328,2.2165141105651855,14.390119552612305,-24.017608642578125,6.86007022857666,2.9404406547546387,19.39371109008789,0.8970204591751099,5.834327220916748,0.6768139600753784,2.462512969970703,-50.82770919799805,4.576870441436768,0.8699779510498047,2.7091317176818848,21.606813430786133,3.677612066268921,-0.1757861226797104,1.1128630638122559,16.60399627685547,3.312699794769287,-0.49037641286849976,0.9239287376403809,-36.05076599121094,5.082444190979004,0.4252186417579651,0.4741809368133545,0.5851527452468872,5.782508373260498,1.4314453601837158,2.285869598388672,3.2365949153900146,4.315993785858154,-0.7592671513557434,-0.31175851821899414,-11.595909118652344,3.662397623062134,-0.1464478075504303,-0.12955713272094727,9.77739429473877,6.254613876342773,1.629341721534729,3.05532169342041,-11.797115325927734,3.098968029022217,0.7024871706962585,1.390080451965332,-22.30333709716797,3.0530593395233154,-0.0838208869099617,-0.11066389083862305,3.2218947410583496,2.723439931869507,0.01738549955189228,-0.24237775802612305,-9.89392375946045,2.5692412853240967,1.2287555932998657,5.043455123901367,-12.718214988708496,3.5775253772735596,0.41230490803718567,1.4458184242248535,5.539492607116699,2.950239419937134,0.6118529438972473,0.7255613803863525,-10.421069145202637,3.090484380722046,-0.06044679135084152,-0.3047173023223877,951.2734985351562,283.22723388671875,191.44337463378906,1160.50830078125,969.06494140625,126.55052185058594,0.13303273916244507,0.12392231822013855,0.07400333881378174,0.05829344317317009,15.035295486450195,825.7351373423018,448.91702221329933,AH_197T_7552379A-2310-46E1-9466-9D8045C990B8.wav,healthy
0.22766177356243134,0.0707007718373494,1015.6303173491071,667.1294340342386,1403.4200277673192,-195.6542205810547,19.660242080688477,0.6373793482780457,2.182219982147217,235.1049346923828,14.82768440246582,-3.1683552265167236,13.804187774658203,-98.82173919677734,15.26699161529541,1.011293649673462,3.2522430419921875,-39.551734924316406,6.095095634460449,0.12794561684131622,-0.33435535430908203,-23.73884391784668,7.70535135269165,-1.0198512077331543,2.445446491241455,-72.40826416015625,7.838418006896973,1.2543697357177734,3.9545302391052246,-2.022918224334717,4.0858473777771,-0.08048173785209656,-0.6236565113067627,1.23093843460083,3.4857795238494873,-0.4479287564754486,1.9092803001403809,-38.2701301574707,4.810224533081055,1.3892368078231812,5.219303131103516,-1.7736235857009888,3.827515125274658,0.4184001684188843,0.17670226097106934,-0.8748167753219604,3.515085220336914,-0.1809186190366745,0.05616021156311035,-9.83327579498291,4.10515022277832,0.43694743514060974,2.2025489807128906,17.589336395263672,4.086658954620361,-1.0007318258285522,1.132171630859375,-0.9817830324172974,3.895005464553833,0.5260201096534729,-0.5552875995635986,-17.268911361694336,3.3834948539733887,0.4233521521091461,0.8168261051177979,-2.0698535442352295,3.3120553493499756,-0.6273930668830872,1.2829642295837402,-13.53929328918457,2.3634650707244873,0.21252475678920746,-0.0067102909088134766,-7.189960479736328,2.56528377532959,1.6314175128936768,6.224123001098633,15.06983470916748,2.075829267501831,-0.21858729422092438,-0.37453556060791016,2.0203332901000977,3.3068742752075195,-0.33187147974967957,-0.010873556137084961,652.5342407226562,39.57255172729492,592.6144409179688,710.623291015625,118.00885009765625,22.752437591552734,0.03486780822277069,0.0331459566950798,0.14448139071464539,0.10050364583730698,9.008721351623535,798.184433365505,284.26823912242185,AH_222K_FC9D2763-1836-460B-954F-37F23D6CD81D.wav,healthy
0.17828740179538727,0.12069769965277778,1409.312601262532,743.4450686858197,2114.620361328125,-236.2897186279297,26.813278198242188,0.48884904384613037,1.8469576835632324,168.69912719726562,13.883382797241211,1.0100048780441284,3.7320761680603027,-108.9876937866211,11.038838386535645,-1.1626415252685547,2.0157809257507324,-24.14488410949707,11.926929473876953,0.4597751498222351,-0.3084537982940674,14.710506439208984,4.975042819976807,0.5061694979667664,1.1168289184570312,-25.412700653076172,10.054479598999023,0.14215530455112457,0.6825323104858398,21.756988525390625,7.799097061157227,0.9763940572738647,0.01680731773376465,0.9936391115188599,4.395791053771973,-0.33992189168930054,0.9345557689666748,-37.6135368347168,7.61654806137085,-0.269021213054657,1.21604585647583,11.95655345916748,6.506569862365723,0.5990413427352905,-0.46575045585632324,13.224674224853516,3.354092836380005,0.07885553687810898,0.5203800201416016,-13.151473999023438,6.453344345092773,-0.5950220823287964,-0.25385522842407227,4.173937797546387,3.4675376415252686,-0.18195469677448273,1.0345191955566406,-8.915910720825195,3.161470651626587,0.9829963445663452,1.0340561866760254,-18.068944931030273,5.051509380340576,0.145256906747818,0.11316084861755371,6.932662010192871,3.7752957344055176,-0.5940472483634949,0.46571969985961914,-1.665260672569275,3.251596450805664,-0.6443846821784973,0.595435619354248,-11.542778968811035,4.1911163330078125,0.5665357708930969,-0.45904970169067383,0.9305630922317505,2.977083921432495,0.5311197638511658,0.84124755859375,-6.610872268676758,3.450839042663574,-0.20617027580738068,0.6286616325378418,1315.7108154296875,68.6094741821289,740.7720947265625,1593.5823974609375,852.810302734375,11.738778114318848,0.008922005072236061,0.00804281234741211,0.06652149558067322,0.08062796294689178,14.636598587036133,1178.0806387550615,719.0306710352039,AH_264Z_593C20CD-0A54-4177-B031-26EE147080A3.wav,healthy
0.14366412162780762,0.062095083841463415,867.4092701488398,655.6022220218908,1218.989376905488,-241.96263122558594,44.798587799072266,-0.931183397769928,0.9504351615905762,238.2882537841797,25.563270568847656,-0.928619921207428,0.1964280605316162,-46.61427688598633,17.46173858642578,0.07392805069684982,0.08417248725891113,-20.36104393005371,10.792618751525879,1.507867693901062,2.100828170776367,-12.829611778259277,6.335824966430664,1.0320132970809937,1.3356270790100098,-35.71846389770508,6.053252220153809,0.23178540170192719,0.4223039150238037,30.415342330932617,6.85536003112793,-0.49054837226867676,-0.5249807834625244,22.146013259887695,4.255942344665527,-0.12035883218050003,-0.5775890350341797,-21.681434631347656,5.6698317527771,0.46076908707618713,-0.3172736167907715,0.44666826725006104,3.9005117416381836,0.1916908472776413,0.0769495964050293,-3.8808441162109375,3.6728832721710205,-0.019902676343917847,-0.25981712341308594,-14.279349327087402,3.1045329570770264,0.2448018342256546,-0.40152764320373535,5.068697929382324,3.8774147033691406,0.5356223583221436,0.35131072998046875,-5.867720127105713,4.737269401550293,0.11166595667600632,-0.3149094581604004,-14.568903923034668,2.935476064682007,0.4169117212295532,-0.10771679878234863,-7.891476631164551,5.8429179191589355,1.151400089263916,1.9159893989562988,-15.7208251953125,3.169978380203247,0.533961296081543,1.3657264709472656,-6.985666275024414,3.962827682495117,-0.26423266530036926,-0.8480761051177979,-3.911491870880127,3.3173656463623047,0.1755036562681198,-0.22782659530639648,-18.41461181640625,4.194615364074707,0.25080054998397827,0.3537447452545166,297.75970458984375,279.5023498535156,165.82781982421875,1031.7789306640625,865.9511108398438,72.06369018554688,0.2420196235179901,0.2560388743877411,0.12635475397109985,0.15144501626491547,5.300073623657227,769.63974609375,338.34825170361796,AH_292J_201CB911-31C1-4CD0-BD73-4FBA4A16C21F.wav,healthy
0.23486216366291046,0.06847205528846154,876.9098121506746,560.7998027344579,1095.3538161057693,-219.4538116455078,20.684207916259766,4.447549343109131,36.144622802734375,239.84971618652344,12.4634428024292,-5.911125659942627,45.5488395690918,-53.18612289428711,6.95524787902832,0.6260513663291931,4.135708332061768,-25.09709358215332,4.600427150726318,0.8266164064407349,9.102832794189453,-28.95310401916504,5.078919410705566,-0.061894018203020096,-0.24457168579101562,-70.25559997558594,7.709109783172607,2.4768617153167725,13.118972778320312,5.535292625427246,4.102789402008057,-0.3599006235599518,-0.038193464279174805,23.22014045715332,4.3726420402526855,-0.04366174340248108,0.22339844703674316,-16.143098831176758,4.049068927764893,1.8838216066360474,8.338994026184082,-2.0118277072906494,3.843336582183838,-0.2653025686740875,-0.25112247467041016,-2.7253637313842773,3.3189749717712402,-0.1104719340801239,-0.32326745986938477,-7.156951427459717,3.4086616039276123,0.025161108002066612,0.3846442699432373,8.161931991577148,3.449489116668701,-0.044565197080373764,0.20140290260314941,-4.520547389984131,3.5078513622283936,0.3980151414871216,-0.1753077507019043,-4.506357669830322,3.519104480743408,0.5424163341522217,0.9675133228302002,3.7168331146240234,3.20432710647583,-0.17924703657627106,-0.07222604751586914,-16.31293487548828,2.9797158241271973,0.59209805727005,0.8362030982971191,-7.431693077087402,2.7597556114196777,0.16612626612186432,0.6027793884277344,10.35651683807373,2.833280086517334,0.07122103869915009,0.6448509693145752,-6.3832244873046875,2.964770555496216,0.28853416442871094,0.047881126403808594,709.1981201171875,52.866180419921875,676.3295288085938,1086.6217041015625,410.29217529296875,12.347846031188965,0.017410997301340103,0.016636088490486145,0.05593087896704674,0.046842120587825775,19.84427833557129,664.3078839937002,288.7897879776746,AH_322A_C3BF5535-A11E-498E-94EB-BE7E74099FFB.wav,healthy
0.24755148589611053,0.1123436084692029,1186.1227248280352,670.484780882614,1691.682765794837,-201.5492706298828,11.646703720092773,2.081392765045166,8.231744766235352,222.42153930664062,9.360490798950195,1.5899925231933594,13.964363098144531,-121.49344635009766,6.946783065795898,1.379341721534729,7.188200950622559,-32.584503173828125,6.044343948364258,0.15009404718875885,7.175346374511719,18.419845581054688,5.016543865203857,-2.579758644104004,8.495278358459473,-32.86964416503906,5.382530212402344,2.6046698093414307,14.434499740600586,15.772924423217773,4.28346061706543,1.2149697542190552,2.588062286376953,6.896785259246826,3.109956979751587,-0.17473269999027252,-0.38405394554138184,-31.9749698638916,4.327215194702148,2.015089511871338,10.404918670654297,11.726449966430664,3.2411556243896484,0.3521122336387634,0.40807652473449707,9.93250560760498,2.347015857696533,1.0470349788665771,5.866753578186035,-21.33234214782715,3.1267523765563965,1.960866928100586,8.633172988891602,-5.910952568054199,3.263669729232788,-0.01749999262392521,-0.3041212558746338,-9.434893608093262,1.9819666147232056,-0.2402576208114624,0.16068577766418457,-13.96574592590332,2.878805160522461,1.3965089321136475,5.60452938079834,1.1238150596618652,3.70329213142395,1.65537691116333,5.820062637329102,-6.555300712585449,2.992616891860962,0.5805929899215698,1.139359951019287,-7.624943256378174,2.4219565391540527,-0.05737593024969101,-0.1780233383178711,-3.3413214683532715,2.047280788421631,1.40891432762146,7.756438255310059,-12.453499794006348,2.1052637100219727,1.1506792306900024,3.622011184692383,1134.49365234375,204.6852264404297,727.8861083984375,1360.57568359375,632.6895751953125,103.86626434326172,0.0915529727935791,0.08883228152990341,0.08532203733921051,0.06048780679702759,17.84336280822754,1078.6918512816912,574.7317620325595,AH_325A_3EB21DC7-C340-4D0E-AC9E-0EABF217BBEE.wav,healthy
0.2732028365135193,0.0440929324127907,986.9519775084325,729.5636105821727,1652.4229537609012,-185.7512664794922,14.250497817993164,2.219265937805176,7.835938453674316,235.65223693847656,12.33652400970459,-1.9988698959350586,7.380002975463867,-93.12541961669922,11.254570007324219,2.191023588180542,8.499058723449707,-18.869232177734375,5.940362930297852,0.42374658584594727,0.06673455238342285,28.459623336791992,6.5025763511657715,0.02523711882531643,1.0117826461791992,-25.00284194946289,7.365119457244873,1.3438814878463745,4.770350456237793,3.916337728500366,3.3873023986816406,-0.1214064210653305,0.01057744026184082,-3.9660093784332275,3.3053693771362305,0.7470665574073792,0.301685094833374,-26.21207046508789,4.932898998260498,2.1839873790740967,7.639339447021484,12.047600746154785,3.4955437183380127,-0.16560104489326477,0.7802145481109619,-0.1686854064464569,3.8603365421295166,-0.07614456862211227,-0.3918612003326416,-25.743999481201172,4.468396186828613,2.3762400150299072,9.053143501281738,-2.7845795154571533,3.382910966873169,0.12862403690814972,-0.4459719657897949,-3.2031309604644775,3.5273194313049316,0.19479167461395264,-0.6574282646179199,-10.82547664642334,2.8769562244415283,1.3592952489852905,3.7542848587036133,-5.10024881362915,3.051586627960205,0.32577237486839294,0.7982885837554932,-13.709123611450195,2.733248472213745,0.40418750047683716,0.7801215648651123,-6.585994243621826,2.744999647140503,0.6244648694992065,1.1372694969177246,1.0509716272354126,3.0258240699768066,-0.2172587811946869,-0.5229730606079102,-9.467236518859863,2.8514575958251953,0.6067275404930115,1.5055451393127441,182.31185913085938,2.0333425998687744,178.76715087890625,187.62335205078125,8.856201171875,0.5676817297935486,0.0031137948390096426,0.0021082188468426466,0.08588900417089462,0.05615875497460365,20.710399627685547,1014.9891597153639,546.5404281144195,AH_325J_7F5F27AA-5A93-43CF-AB17-FC53940BF4B0.wav,healthy
0.23042476177215576,0.06842762936827956,955.132975069739,641.5410021033013,1345.1305758568549,-197.70166015625,32.487892150878906,-0.32728755474090576,-0.9386775493621826,221.62423706054688,18.37135124206543,-0.6835247874259949,-0.5469961166381836,-63.30031967163086,16.25349998474121,0.3030622899532318,0.2985377311706543,-28.688976287841797,9.137713432312012,-0.6611549258232117,2.15519380569458,-20.2358455657959,9.202350616455078,-0.5006019473075867,-0.019956111907958984,-56.180171966552734,9.125540733337402,-0.33912545442581177,0.7900512218475342,8.112667083740234,9.45178508758545,-0.8890382051467896,1.024949073791504,10.832342147827148,6.018944263458252,-0.17976172268390656,-0.1148369312286377,-23.665653228759766,7.246513366699219,0.18542008101940155,-0.18973875045776367,10.72317886352539,4.872973442077637,0.18290387094020844,-0.16479778289794922,11.93337345123291,5.2762770652771,0.9895370602607727,3.509253978729248,-10.17337703704834,4.99006986618042,0.1968236267566681,-0.5943422317504883,1.9661763906478882,4.406954765319824,0.14596034586429596,-0.20231413841247559,-6.201224327087402,4.286245346069336,0.4511244297027588,0.9267051219940186,-15.553498268127441,3.9037551879882812,-0.08217661827802658,0.08921265602111816,-6.170968055725098,5.995793342590332,0.06680996716022491,-0.5160856246948242,-11.688425064086914,5.6394219398498535,0.843273937702179,0.03459787368774414,-9.636126518249512,3.648254632949829,0.23865489661693573,-0.6800169944763184,-4.36733341217041,4.13068151473999,0.24089926481246948,-0.49116086959838867,-9.320528984069824,3.9674346446990967,0.36487728357315063,0.6749730110168457,698.9634399414062,59.446990966796875,656.13427734375,1202.9368896484375,546.8026123046875,9.568855285644531,0.01369006559252739,0.011246859095990658,0.14009173214435577,0.11289439350366592,11.499429702758789,817.7700236692267,386.97426866785844,AH_333L_6C551A6E-CC47-410E-AA49-2DC0A86E6489.wav,healthy
0.2783399224281311,0.10173911236702128,1357.1419045211176,840.9970105090442,2524.33282081117,-162.99925231933594,23.751985549926758,-0.8720818758010864,0.3922243118286133,183.834228515625,15.586771011352539,-1.0654641389846802,0.5431818962097168,-98.53636932373047,10.436328887939453,0.7689691781997681,0.8316526412963867,-22.664630889892578,8.017655372619629,-0.5977507829666138,0.266934871673584,-6.578647613525391,7.830146789550781,-0.39861759543418884,1.1715888977050781,-48.30756759643555,8.162964820861816,0.9233366250991821,0.791074275970459,30.4113712310791,7.165024757385254,-0.4690002202987671,0.4405074119567871,24.017385482788086,8.583152770996094,-1.182119607925415,1.2380905151367188,-34.20523452758789,6.286059379577637,0.39249658584594727,0.7573702335357666,1.0338600873947144,6.681065082550049,0.09917671233415604,0.12353229522705078,4.788769245147705,7.670988082885742,0.07395447045564651,-0.28755855560302734,-21.298500061035156,7.573327541351318,0.3921472430229187,0.39242005348205566,0.0455753393471241,4.464074611663818,0.43147432804107666,-0.4273231029510498,1.4270612001419067,4.424947738647461,0.225348100066185,1.2165780067443848,-7.480097770690918,4.151668071746826,-0.04879895970225334,1.1847810745239258,4.26440954208374,4.860756874084473,-0.5104783177375793,-0.06642675399780273,0.5274251103401184,4.303725719451904,-0.3527025580406189,-0.22041821479797363,-1.0796515941619873,3.7259445190429688,0.02000431716442108,-0.46715831756591797,-0.30471453070640564,4.300888538360596,-0.35577791929244995,-0.2709004878997803,-8.818398475646973,3.683351755142212,0.1045718789100647,0.0878610610961914,1004.8651733398438,135.67247009277344,787.1461181640625,1250.587646484375,463.4415283203125,34.764930725097656,0.03459661081433296,0.03712158277630806,0.11799369007349014,0.07816416025161743,15.507465362548828,1214.5118450296336,791.2218543121219,AH_378G_3C2A05CE-36E4-4956-8FC2-0494B27D3EA8.wav,healthy
0.2827499508857727,0.10384347098214286,1094.4310038809788,599.4471459102855,1558.388671875,-193.22279357910156,19.506561279296875,-0.14007751643657684,0.6825270652770996,216.65423583984375,10.153777122497559,-1.1638455390930176,2.0409274101257324,-84.45840454101562,12.667181968688965,-0.9867279529571533,1.6972236633300781,-40.62480545043945,6.752690315246582,0.27440038323402405,0.13211727142333984,3.255540609359741,8.820320129394531,0.583744466304779,0.3200061321258545,-13.229026794433594,6.266497611999512,0.9840657711029053,2.290200710296631,23.6278018951416,5.877891540527344,-1.1333216428756714,1.134145736694336,-2.644197940826416,6.5675740242004395,-0.8202205896377563,0.5213296413421631,-26.47933578491211,4.438399791717529,0.41550037264823914,0.12365078926086426,15.338077545166016,5.0334391593933105,-0.0546392947435379,-0.4934086799621582,0.1269111931324005,5.922264575958252,-1.1793626546859741,0.5373358726501465,-24.22196388244629,5.251954555511475,-0.0661727637052536,-0.9088823795318604,-3.4044582843780518,6.907257080078125,0.31559842824935913,-0.43583059310913086,-8.747196197509766,5.764350891113281,0.28878870606422424,-0.7037820816040039,-8.614140510559082,4.024844169616699,0.952207624912262,1.791071891784668,0.9727610945701599,4.388879299163818,-0.05135917291045189,-0.02783036231994629,-21.667387008666992,3.4454360008239746,0.1457369327545166,0.4759702682495117,-18.6038761138916,4.358544826507568,0.06322538107633591,-1.1239979267120361,1.5383174419403076,3.683391809463501,-0.12461519986391068,-0.5928728580474854,-7.595909118652344,3.2321951389312744,-0.21497827768325806,-0.6080398559570312,1039.10302734375,200.1337127685547,637.2276611328125,1573.754638671875,936.5269775390625,35.4208984375,0.034087955951690674,0.03952081874012947,0.14372257888317108,0.09634872525930405,16.305374145507812,971.4536819804274,466.6270398445515,AH_420J_07C96C2C-6E96-4A2F-BEC9-5CB71DB309B6.wav,healthy
0.22600491344928741,0.06495310160928144,920.7770857338628,688.0372365144051,1390.8257216036677,-219.57518005371094,25.09732437133789,0.7810153365135193,2.574306011199951,215.67819213867188,12.67435073852539,1.0180659294128418,4.058257102966309,-68.34115600585938,13.908531188964844,0.3719589114189148,0.8898308277130127,-18.827701568603516,8.845532417297363,2.0048224925994873,4.495484828948975,1.8881715536117554,3.9637489318847656,-0.5237264633178711,1.3034191131591797,-31.27201271057129,7.979486465454102,-1.0904736518859863,2.946950912475586,19.508296966552734,4.3050079345703125,-0.4920104444026947,0.17280292510986328,1.780588150024414,3.2055087089538574,0.25431010127067566,0.366121768951416,-31.302278518676758,4.814933776855469,1.7472580671310425,6.096040725708008,14.977312088012695,3.4771008491516113,0.3449249565601349,-0.13721728324890137,8.906999588012695,2.907681703567505,-0.30530983209609985,-0.08884286880493164,-20.648365020751953,4.666316986083984,-0.42321494221687317,0.38997340202331543,-2.664886951446533,3.2858400344848633,0.47085002064704895,1.0090079307556152,-13.739049911499023,3.2935776710510254,0.3290677070617676,0.06822466850280762,-24.0946044921875,3.9102566242218018,0.7892382740974426,1.6174230575561523,-0.10336742550134659,3.411212205886841,0.06939154863357544,1.1811113357543945,-3.9449594020843506,2.6648645401000977,-0.8922462463378906,2.8158740997314453,-11.721589088439941,3.3483927249908447,-0.13969647884368896,0.0868537425994873,-1.7273647785186768,2.8668196201324463,0.23690937459468842,-0.6145174503326416,-6.163368225097656,2.6334478855133057,0.1202552393078804,-0.6154403686523438,701.6143188476562,78.5083236694336,174.4394073486328,917.4817504882812,743.0423583984375,30.647552490234375,0.04368147999048233,0.023856271058321,0.07609885931015015,0.0690707191824913,17.41127586364746,828.5294528818724,437.4073972570363,AH_444B_E1586F09-1BF5-408D-A55E-96D9E8B76A43.wav,healthy
0.24566853046417236,0.08758544921875,1226.9931789655059,774.9901150582484,1738.2080078125,-188.1909942626953,13.807727813720703,2.732104539871216,7.602791786193848,228.5712890625,8.695051193237305,2.116393566131592,8.727437973022461,-125.64801788330078,8.134750366210938,0.19934473931789398,4.259928226470947,-20.03973960876465,5.381113529205322,-1.3208603858947754,2.6069159507751465,8.954400062561035,4.263000965118408,-2.2555649280548096,9.715632438659668,-43.66121292114258,4.525712966918945,1.6960865259170532,5.347088813781738,30.713401794433594,3.9936747550964355,0.7256338000297546,0.5409057140350342,6.420962810516357,2.3353140354156494,-0.23081940412521362,-0.09904885292053223,-39.535865783691406,3.6672744750976562,2.5322999954223633,8.46605396270752,20.119529724121094,3.4899709224700928,-0.06287267804145813,0.8309206962585449,7.37369966506958,2.9995293617248535,-0.9938524961471558,1.751147747039795,-24.85334014892578,3.643929958343506,1.5315437316894531,5.278834342956543,1.4333419799804688,3.203834295272827,0.23168715834617615,2.185861587524414,-14.072611808776855,2.715080738067627,0.11405957490205765,0.7281663417816162,-13.01546573638916,3.4224305152893066,1.1697134971618652,2.8056387901306152,15.377988815307617,3.3196685314178467,1.092759609222412,2.6082372665405273,-7.28293514251709,2.369316339492798,-0.19963030517101288,-0.61676025390625,-8.08031177520752,3.095496654510498,0.435822069644928,-0.20555496215820312,7.88123893737793,1.8454346656799316,0.3928461968898773,-0.1796729564666748,-12.647651672363281,2.0626838207244873,0.3725952208042145,0.14046478271484375,842.2271118164062,76.60273742675781,813.5123901367188,1455.4677734375,641.9553833007812,18.347782135009766,0.021784838289022446,0.014242537319660187,0.08488359302282333,0.055830422788858414,12.70479965209961,961.0821494976514,543.2519717645636,AH_456K_CBF60DD0-82AA-430E-A5E9-E1D3AE175CCB.wav,healthy
0.22090277075767517,0.07152853801751592,1076.081601161506,907.0280230312685,1906.0999390425955,-205.55747985839844,36.9809684753418,-0.5177685618400574,3.9611892700195312,228.4285125732422,21.358699798583984,-1.7472165822982788,3.298206329345703,-52.31603240966797,13.52160930633545,0.9012704491615295,0.9307575225830078,2.1222989559173584,5.068559646606445,-0.4764580726623535,-0.1195831298828125,-27.83650016784668,7.082089424133301,-0.47246110439300537,-0.3607492446899414,-74.89225006103516,8.755372047424316,2.96120023727417,16.97395133972168,24.983423233032227,4.619114398956299,-0.6859620213508606,0.6842308044433594,19.03689193725586,3.717883586883545,-0.8455166220664978,1.9063339233398438,-28.868579864501953,5.1123433113098145,2.3773112297058105,10.792075157165527,16.2594051361084,4.247737407684326,-0.06644126027822495,-0.5147590637207031,0.8339865207672119,3.670842170715332,0.1415771096944809,-0.2690720558166504,-18.59691619873047,4.1008429527282715,0.5478929281234741,1.392347812652588,25.067333221435547,3.9317281246185303,-0.8412114977836609,2.3118910789489746,3.452615261077881,4.080615997314453,-0.2600353956222534,-0.05320024490356445,-23.860937118530273,3.872894763946533,0.5480222702026367,2.3099188804626465,-1.5330194234848022,4.158701419830322,0.06464533507823944,-0.4598984718322754,-18.424612045288086,4.01448392868042,-0.11284738034009933,-0.12035560607910156,-23.145246505737305,3.41054630279541,0.9209802150726318,3.236556053161621,9.933225631713867,4.291510581970215,-0.23688562214374542,0.7391455173492432,3.277538537979126,3.018733263015747,-0.3456183969974518,1.2385525703430176,688.2968139648438,39.364280700683594,594.9656372070312,744.3375244140625,149.37188720703125,14.394922256469727,0.020913830026984215,0.019277088344097137,0.13324840366840363,0.1049918606877327,13.342832565307617,805.5071998188514,611.8220119434226,AH_469Z_5BB05B2C-39C4-434D-9445-244E7580F840.wav,healthy
0.2285984754562378,0.057423808787128716,972.5088848976487,749.4711152144962,1807.8296623607673,-221.35269165039062,29.915712356567383,0.5083107948303223,0.2322700023651123,201.87542724609375,15.16457462310791,-0.24424822628498077,-1.0069044828414917,-76.574951171875,16.93785285949707,-0.08540999889373779,-0.12995624542236328,-10.339143753051758,6.325361728668213,0.285377562046051,1.9903063774108887,16.082338333129883,6.340744972229004,0.260299950838089,0.13977575302124023,-41.33991241455078,5.864768981933594,1.2341846227645874,2.675663471221924,-5.455740451812744,4.07130241394043,-0.40438637137413025,0.525404691696167,7.598001480102539,3.4997365474700928,0.4551555812358856,0.10247540473937988,-4.037786960601807,3.8614232540130615,0.9580733776092529,1.3755598068237305,13.579838752746582,4.864177227020264,-1.1598522663116455,4.20548152923584,-14.615208625793457,3.2317545413970947,0.15873371064662933,-0.15049505233764648,-28.361082077026367,4.256079196929932,0.11495985835790634,0.02401447296142578,4.148246765136719,2.874584913253784,-0.9569584131240845,3.040253162384033,-5.150264263153076,2.267742872238159,-0.025753585621714592,-0.11971187591552734,-19.02735710144043,3.4031102657318115,0.23716023564338684,-0.5656516551971436,-7.280210494995117,3.565727949142456,-0.4068305194377899,0.7600772380828857,-10.691977500915527,3.650913953781128,-0.04741929844021797,0.20540285110473633,-4.1583685874938965,2.861816644668579,0.4839097559452057,0.3924081325531006,-0.058137666434049606,2.7420506477355957,0.1702650636434555,1.8765792846679688,-16.779706954956055,3.1560919284820557,0.6728734374046326,0.08512663841247559,728.5771484375,193.49986267089844,199.476318359375,813.1442260742188,613.6679077148438,32.057456970214844,0.044000085443258286,0.05087585747241974,0.060809411108493805,0.0589519739151001,21.208969116210938,970.779624425265,570.9278007303631,AH_473R_E4947FD3-23C1-44F1-BCE4-DC59D8269FDE.wav,healthy
0.18111073970794678,0.09281966531065089,1056.9822101158884,646.054833909125,1556.888810558432,-210.1141815185547,9.211373329162598,0.22994209825992584,2.4361085891723633,258.5248107910156,6.8740057945251465,-2.999213695526123,27.03446388244629,-105.91659545898438,10.544669151306152,1.9498286247253418,5.8981523513793945,-32.345829010009766,4.120503902435303,0.05991295352578163,0.14561986923217773,20.035213470458984,4.5367431640625,-1.0867999792099,1.799649715423584,-25.38606834411621,5.58189058303833,2.2082712650299072,12.960625648498535,15.340376853942871,3.5384907722473145,-0.13836121559143066,-0.3780031204223633,-1.3260596990585327,3.461578845977783,0.1683545857667923,-0.25699782371520996,-29.429941177368164,3.6563282012939453,2.2594666481018066,12.295151710510254,19.64322280883789,3.5881295204162598,0.14697574079036713,-0.6914069652557373,9.934268951416016,2.3151659965515137,-0.10134287178516388,-0.2579467296600342,-17.504947662353516,3.502537488937378,0.4797176122665405,1.1711416244506836,2.1552417278289795,2.6558945178985596,-0.13243600726127625,-0.1508960723876953,-11.467987060546875,2.2413523197174072,0.27759402990341187,0.18473029136657715,-17.74138641357422,3.2028896808624268,-0.13904552161693573,0.31389927864074707,4.14163064956665,2.8212387561798096,0.218601793050766,-0.18685388565063477,-3.3858635425567627,2.587095022201538,0.173319011926651,-0.10157322883605957,-1.4946262836456299,2.6761412620544434,0.3041079640388489,0.468538761138916,3.800022840499878,2.3308520317077637,-0.23000827431678772,-0.14264297485351562,-15.556719779968262,2.781839370727539,-0.049392931163311005,-0.08062982559204102,934.6049194335938,236.89413452148438,234.1349639892578,1362.2698974609375,1128.1348876953125,78.7002944946289,0.08420702069997787,0.07078950107097626,0.07802052795886993,0.06393972784280777,13.27672004699707,972.1142737116724,514.7387733582962,AH_501F_4BDDBB93-EA99-4B1C-AD7F-4D874F39FB0C.wav,healthy
0.30132409930229187,0.06479624155405406,904.7670353095734,687.84275345091,1245.2884158572635,-203.2372283935547,25.800256729125977,-0.22147072851657867,0.3324849605560303,207.40785217285156,14.228257179260254,-0.04412468895316124,0.26470303535461426,-51.91648864746094,13.154498100280762,0.35197505354881287,-1.2169841527938843,-13.160799980163574,7.47434663772583,0.9386030435562134,0.5052688121795654,-17.701519012451172,4.439280033111572,0.17902660369873047,-0.33507513999938965,-52.60772705078125,6.377029895782471,1.5654267072677612,3.280412197113037,10.614346504211426,4.484620094299316,-0.5482766628265381,0.7839593887329102,3.9016377925872803,6.178982734680176,-1.0065619945526123,0.4499928951263428,-24.424274444580078,4.589920520782471,0.7409783005714417,1.482919692993164,12.530423164367676,4.297969341278076,0.6727217435836792,0.34511327743530273,5.968907833099365,3.8911705017089844,-0.42436692118644714,-0.4669156074523926,-7.893483638763428,3.3240325450897217,1.0869245529174805,1.9980463981628418,4.539625644683838,5.445161819458008,-0.005655171349644661,-0.5344581604003906,-18.999170303344727,4.558723449707031,-0.5050790905952454,-0.6501586437225342,-19.294511795043945,4.450736045837402,0.2687847316265106,-0.7886981964111328,4.870094299316406,4.7981181144714355,0.4314132332801819,-0.34717297554016113,-5.703037261962891,3.296473503112793,-0.3640538156032562,-0.16320109367370605,-0.5071481466293335,3.057823896408081,-0.3171250820159912,-0.30008459091186523,7.352922439575195,3.023773193359375,-0.10314886271953583,-0.09715604782104492,-12.922611236572266,4.066874980926514,-0.5121546983718872,0.562324047088623,728.9337768554688,38.50133514404297,580.871826171875,806.7571411132812,225.88531494140625,8.35533618927002,0.011462408117949963,0.01115171704441309,0.10527264326810837,0.08682169020175934,13.634668350219727,711.6295820829885,372.53466370299356,AH_511K_DDC6D065-56B3-436B-9D08-73326C791B69.wav,healthy
0.2591318190097809,0.055318425210674156,1072.3630024823913,868.0709200550964,1882.0987315660113,-159.96827697753906,23.653505325317383,-0.7367843389511108,-0.03896689414978027,237.9958038330078,19.63520622253418,-0.6181634664535522,0.0076847076416015625,-99.14495086669922,7.401108264923096,-0.26179608702659607,1.0647802352905273,-10.963231086730957,4.786134243011475,0.15661568939685822,-0.7966041564941406,13.793097496032715,5.11151123046875,-1.1632009744644165,5.99836540222168,-40.86277770996094,6.772165775299072,3.1679553985595703,15.18977165222168,26.925212860107422,6.893205642700195,0.6810922622680664,0.46823835372924805,6.846102237701416,4.781032562255859,-0.0809096097946167,-0.052838802337646484,-48.55607986450195,5.768279075622559,0.3356561064720154,-0.1294262409210205,1.6910820007324219,4.571348667144775,-0.29321199655532837,-0.42084336280822754,2.621445655822754,3.8177387714385986,-0.12450616806745529,-0.3236067295074463,-27.93255615234375,4.151061058044434,0.04846124351024628,-0.7195005416870117,-7.810745716094971,3.6261231899261475,0.160963773727417,-0.41785621643066406,-15.068643569946289,5.203577518463135,-0.127436563372612,-0.6298849582672119,-18.331756591796875,3.1646649837493896,0.05353311449289322,-0.6228783130645752,-1.9315669536590576,5.037834644317627,-0.23998646438121796,-0.3980860710144043,-20.692604064941406,5.32382869720459,-0.12487872689962387,-1.0113537311553955,-15.71638298034668,4.709519386291504,-0.2004294991493225,-0.2142493724822998,3.1898131370544434,4.452511310577393,0.23424489796161652,-0.4966301918029785,-18.235593795776367,4.3236165046691895,-0.3112022280693054,-1.014934778213501,176.45571899414062,130.6697998046875,153.90249633789062,1400.1055908203125,1246.203125,14.626666069030762,0.08289142698049545,0.018435195088386536,0.14660462737083435,0.08514638245105743,10.607877731323242,872.69287109375,475.61176571556297,AH_523T_66147C3C-938A-4CF9-913E-5D49D72BD8B6.wav,healthy
0.22546011209487915,0.07154147907838983,944.4341333409426,682.3082881572147,1288.0687648967162,-192.07296752929688,15.670077323913574,1.9517707824707031,4.994533061981201,252.89564514160156,9.17160415649414,0.15751031041145325,0.6696891784667969,-71.24285125732422,11.829825401306152,-2.498478651046753,9.081465721130371,-18.022689819335938,4.691160678863525,-0.47311732172966003,1.013650894165039,-12.94687271118164,6.300500392913818,0.32775768637657166,-0.23345446586608887,-56.6831169128418,5.269952297210693,0.26883745193481445,5.821527481079102,25.535249710083008,3.4523215293884277,-0.2356099784374237,0.1782073974609375,18.610000610351562,3.2105681896209717,-1.4642449617385864,6.073965072631836,-39.33872985839844,5.157505989074707,0.4206377863883972,-0.5622825622558594,-1.1631964445114136,5.033694267272949,1.5021374225616455,3.4385766983032227,7.872517108917236,4.3849663734436035,0.43097710609436035,-0.45030832290649414,-9.942946434020996,3.6422462463378906,-0.2630695104598999,-0.16786456108093262,7.051455974578857,4.645797252655029,0.3601342737674713,-0.11211180686950684,-7.259513854980469,3.7158901691436768,0.429769903421402,-0.30071210861206055,-20.69296646118164,2.598477602005005,0.24624128639698029,0.8092241287231445,-8.015983581542969,3.6084086894989014,1.0412729978561401,1.4285039901733398,-12.638400077819824,4.755455017089844,1.1367312669754028,1.1248860359191895,-4.010774612426758,4.031271457672119,1.0093984603881836,1.1361970901489258,4.8585076332092285,2.6749792098999023,0.07445250451564789,-0.3414454460144043,-11.503813743591309,2.6847407817840576,-0.35304945707321167,-0.24749398231506348,750.5711059570312,169.30767822265625,582.0170288085938,1209.556640625,627.5396118164062,58.7481803894043,0.0782713070511818,0.06424229592084885,0.13357819616794586,0.09328840672969818,11.818795204162598,803.2118822180706,440.69940168446163,AH_528T_6A746E6E-FB60-4363-842F-A7368A1E5B2C.wav,healthy
0.27276402711868286,0.1000122923951049,1041.2166597598796,573.1550538849352,1287.0229867788462,-237.48382568359375,31.952543258666992,-0.10272978991270065,0.5160596370697021,200.7835235595703,16.919179916381836,-0.3081640303134918,0.2274796962738037,-74.76830291748047,11.501594543457031,-1.3458781242370605,3.8323097229003906,-33.812503814697266,4.890409469604492,0.023999305441975594,-0.563805341720581,-9.251310348510742,5.427300453186035,0.42115113139152527,-0.06607365608215332,-23.87725830078125,5.224705219268799,0.2966524064540863,-0.5027415752410889,34.463478088378906,3.8967995643615723,-0.016934704035520554,-0.1056666374206543,12.678658485412598,3.3574299812316895,-0.7749418616294861,1.8194928169250488,-31.252410888671875,3.688699722290039,-0.2776767313480377,0.15516209602355957,-0.9691245555877686,4.327798843383789,0.15559248626232147,-0.6590635776519775,-3.667672634124756,3.006378173828125,0.13794495165348053,-0.3823812007904053,-13.002159118652344,3.1520397663116455,-0.5287010669708252,0.9137423038482666,6.902912139892578,3.0771942138671875,-0.21719524264335632,-0.07260394096374512,-12.22629451751709,3.3255512714385986,1.0891270637512207,1.5658679008483887,-20.864206314086914,2.7757322788238525,0.0685308501124382,-0.5543017387390137,0.8009144067764282,4.295875549316406,-0.8087438344955444,0.8671965599060059,-3.9132089614868164,3.0084688663482666,-0.28878918290138245,-0.42186760902404785,-4.139998435974121,2.515737295150757,-0.1939433068037033,-0.34751462936401367,-0.8203164339065552,3.151980400085449,0.3907279968261719,2.303717613220215,-16.424633026123047,3.33146333694458,0.2529440224170685,0.6870772838592529,1154.8074951171875,120.78682708740234,837.8656616210938,1337.6640625,499.79840087890625,49.73298263549805,0.04306603595614433,0.042910654097795486,0.09098547697067261,0.08187457174062729,16.357589721679688,764.4287109375,372.2738266096135,AH_538M_AE709CB7-1123-47F8-8BD2-000158BDBC01.wav,healthy
0.14765943586826324,0.040060478344298246,893.0229615674365,778.3036886711164,1492.0243112664473,-251.21295166015625,25.318504333496094,1.1704343557357788,3.520129680633545,207.61288452148438,15.223487854003906,1.189198613166809,4.051730632781982,-57.536251068115234,10.241915702819824,-0.9243716597557068,2.1757712364196777,-7.228728294372559,11.678814888000488,-1.1186333894729614,1.369978427886963,11.441840171813965,9.366965293884277,-0.2904455363750458,0.17575740814208984,-29.440593719482422,6.889589786529541,0.7184006571769714,1.0154714584350586,17.266498565673828,5.331747055053711,0.5672752857208252,-0.08629322052001953,5.612611293792725,5.514308452606201,-0.16850341856479645,-0.48784828186035156,-36.13566970825195,9.173919677734375,-0.8703418970108032,1.2030200958251953,1.658491849899292,5.864982604980469,-0.1575969010591507,0.14498209953308105,11.315633773803711,5.5078558921813965,0.23554714024066925,-0.12597966194152832,-14.817463874816895,4.244758129119873,0.018642477691173553,-0.4105641841888428,-8.752734184265137,3.437589406967163,-0.10850028693675995,-0.24658918380737305,-9.936043739318848,4.4511518478393555,0.4373777210712433,0.09590268135070801,-13.015572547912598,3.6911211013793945,-0.03190877288579941,-0.639197587966919,-2.4887850284576416,3.694948434829712,0.5226682424545288,1.1578292846679688,-4.641759872436523,2.816020965576172,-0.05692635104060173,-0.29221057891845703,-4.199339866638184,3.2266745567321777,0.3473093807697296,0.3201713562011719,-5.36635160446167,3.6380770206451416,0.4319364130496979,-0.22820329666137695,-12.126136779785156,3.230715036392212,0.264987051486969,-0.06159472465515137,292.7331848144531,234.74525451660156,184.97442626953125,923.1372680664062,738.162841796875,28.237512588500977,0.09646160155534744,0.08540353178977966,0.06068931892514229,0.09185761958360672,13.600627899169922,843.209933904628,520.9311013402239,AH_562E_151814F5-BB0F-44EF-9A22-FE2862FC3411.wav,healthy
0.2463797628879547,0.08172052556818182,967.0333637491269,576.3812756072448,1268.697176846591,-187.33511352539062,18.223018646240234,1.7229743003845215,9.130863189697266,241.7350616455078,11.407662391662598,-3.0996315479278564,13.611600875854492,-71.91458892822266,11.616716384887695,0.5875163078308105,0.14733195304870605,-39.28114318847656,8.719220161437988,1.2204614877700806,1.4121284484863281,-19.99811553955078,5.8436079025268555,0.4238554835319519,1.1885137557983398,-48.98747253417969,6.025206565856934,2.1912097930908203,8.395773887634277,10.202021598815918,3.698794364929199,-0.5542826056480408,1.14622163772583,6.0365309715271,4.1153411865234375,-0.507530152797699,0.977165699005127,-31.827850341796875,5.011490821838379,2.2427191734313965,8.544816970825195,-3.725804567337036,4.5926666259765625,1.121699333190918,2.5601553916931152,5.10653829574585,4.551279544830322,-0.23508836328983307,0.0903780460357666,5.699038028717041,3.3545138835906982,-0.06734468042850494,-0.0579681396484375,12.674623489379883,5.958760738372803,0.2754881978034973,-0.7843925952911377,-18.98876953125,5.889299392700195,0.1399196982383728,-0.7509860992431641,-22.605140686035156,3.200955629348755,-0.40645015239715576,1.2985706329345703,-1.1268881559371948,3.439098834991455,-0.43621769547462463,1.6088604927062988,-13.9849214553833,3.5854780673980713,0.4494270086288452,0.5509917736053467,-6.956362247467041,3.6605517864227295,0.49272528290748596,1.2439689636230469,9.09875202178955,3.4157955646514893,0.02282032184302807,-0.7497420310974121,-10.872248649597168,3.4536542892456055,0.034365054219961166,0.3877553939819336,770.8124389648438,216.8144073486328,580.5401611328125,1230.661376953125,650.1212158203125,78.72639465332031,0.10213430970907211,0.1086343303322792,0.13621821999549866,0.09124482423067093,7.69837760925293,775.8333333333334,333.1589127654941,AH_569E_B26CCA1E-29AD-48DD-9947-48DB8A56CA31.wav,healthy
0.16968894004821777,0.08782404119318182,1002.6683922145513,652.7694876034577,1325.8825128728693,-262.35791015625,38.041481018066406,0.8628403544425964,0.8810091018676758,184.2561492919922,20.711214065551758,0.9412558674812317,1.2770881652832031,-69.70697784423828,12.947321891784668,-0.9468063712120056,0.9698746204376221,-26.135713577270508,6.706733226776123,-0.4802873432636261,1.5304131507873535,-5.54981803894043,6.516719341278076,-0.14058127999305725,-0.8382408618927002,-32.86423110961914,5.309256076812744,-0.5900095105171204,0.22293376922607422,20.493040084838867,5.201498985290527,0.8865669965744019,1.1513652801513672,10.688397407531738,5.134395599365234,0.13191062211990356,0.7032740116119385,-30.684246063232422,4.4541754722595215,0.5109615921974182,-0.5003037452697754,-0.18201078474521637,4.399573802947998,-0.31206515431404114,0.5402185916900635,2.58505916595459,3.8734517097473145,-0.8173580169677734,1.6348066329956055,-16.697927474975586,3.8236868381500244,-0.34489870071411133,0.2742772102355957,1.509642481803894,3.2650980949401855,-0.11695105582475662,-0.35779595375061035,-0.952178418636322,3.044508218765259,-0.10152968019247055,-0.7828047275543213,-14.79076862335205,3.5440125465393066,0.2099507600069046,-0.47009897232055664,-6.759688854217529,5.216276168823242,0.8466377854347229,1.698282241821289,-4.707484722137451,3.2961983680725098,1.814221978187561,5.991188049316406,-1.594085693359375,2.9139466285705566,1.0933977365493774,3.5218377113342285,-0.2525843679904938,3.6252353191375732,-0.23483441770076752,-0.4252336025238037,-10.587337493896484,3.1569881439208984,-0.4364175796508789,0.3559074401855469,1047.04833984375,191.6773681640625,197.65423583984375,1208.12548828125,1010.4712524414062,74.85072326660156,0.07148735970258713,0.06326282769441605,0.0766170546412468,0.10153224319219589,8.474666595458984,876.2451519158961,482.4745632361628,AH_596S_BBE9779F-C440-42D3-9C96-4CD6121D1F7E.wav,healthy
0.21733050048351288,0.03499545055220884,825.3403478015229,711.2247304518515,1288.0574054028614,-221.67742919921875,27.020092010498047,0.3839033544063568,-0.029309988021850586,218.74111938476562,13.990775108337402,0.3263513445854187,-0.02881908416748047,-53.585243225097656,17.65050506591797,-0.9292223453521729,2.0310277938842773,-9.200904846191406,9.695146560668945,-0.45041629672050476,1.5591888427734375,5.821305751800537,5.190094470977783,0.8714864253997803,2.5802364349365234,-25.199050903320312,4.5094475746154785,0.16316252946853638,-0.12343215942382812,29.65860366821289,4.390710353851318,-0.44731447100639343,0.17251873016357422,12.552663803100586,3.6964120864868164,-0.26624950766563416,0.4942002296447754,-30.546674728393555,6.405705451965332,0.4182144105434418,-0.338822603225708,1.504348635673523,3.481497287750244,0.9449796080589294,2.040005683898926,-2.500819444656372,4.2834553718566895,-0.3461894690990448,-0.36196041107177734,-19.442123413085938,3.293639659881592,0.24430415034294128,-0.008796215057373047,2.088576316833496,3.1225779056549072,0.33334681391716003,-0.2540278434753418,-8.376724243164062,3.2619030475616455,0.3551815450191498,0.014681577682495117,-17.863819122314453,3.2580251693725586,0.3858369290828705,0.24724912643432617,-2.7992398738861084,3.013901472091675,0.3741358816623688,0.5272033214569092,-13.833427429199219,3.0478169918060303,0.3814064562320709,0.2880864143371582,-17.282148361206055,3.1160833835601807,-0.1394752413034439,0.44671154022216797,-4.667251110076904,3.426546096801758,0.4963645339012146,1.0327372550964355,-9.669524192810059,2.633279800415039,0.1385575830936432,-0.2601954936981201,252.33987426757812,189.90948486328125,196.93161010742188,1247.1689453125,1050.2373046875,5.965867519378662,0.023642191663384438,0.021816130727529526,0.07281333208084106,0.07443229854106903,16.535018920898438,780.6789232336956,421.55104140878666,AH_619B_5CF9C4CA-31AA-4F22-8E57-8E53618CC224.wav,healthy
0.3059631586074829,0.06595235475352113,981.9740009442462,731.6010897379587,1865.2758101342429,-171.33726501464844,14.172880172729492,0.6310498118400574,0.009801387786865234,231.6881103515625,10.752392768859863,0.8864731788635254,0.8950004577636719,-86.65986633300781,8.722639083862305,1.5095415115356445,2.783621311187744,-13.652898788452148,6.578247547149658,0.22895008325576782,-0.5962245464324951,3.810098171234131,9.286759376525879,-0.6319400072097778,-0.0049898624420166016,-69.99124908447266,5.611889839172363,0.5290013551712036,0.6887209415435791,-12.371779441833496,5.281559467315674,0.4974193871021271,-0.17668747901916504,8.716601371765137,4.141398906707764,-0.8022090792655945,1.8127455711364746,-31.877132415771484,3.748055934906006,0.2649258077144623,-0.5753309726715088,-18.195594787597656,5.706094264984131,1.1615824699401855,1.6799588203430176,-11.845741271972656,3.4461443424224854,-0.009354684501886368,-0.3463020324707031,-3.8219265937805176,3.5507149696350098,-0.5658608078956604,0.0016355514526367188,19.53335189819336,3.855113983154297,-0.47683021426200867,0.3799748420715332,-0.3004911541938782,2.733278274536133,-0.4407343566417694,0.541337251663208,-8.660953521728516,2.7306180000305176,0.0981244295835495,-0.3091602325439453,3.4480035305023193,2.6227731704711914,-0.09102289378643036,0.36269068717956543,-15.285762786865234,2.2547879219055176,0.34573352336883545,0.34700489044189453,-13.399410247802734,2.5656638145446777,-0.026953423395752907,-0.5193848609924316,6.227536678314209,2.5919735431671143,-0.06662121415138245,-0.3970150947570801,0.12300314009189606,2.3629796504974365,-0.09564163535833359,-0.13910436630249023,592.3236083984375,56.25272750854492,457.3466491699219,645.175537109375,187.82888793945312,18.98880958557129,0.032058168202638626,0.029546087607741356,0.118456169962883,0.07039037346839905,15.610015869140625,829.6467259987113,490.7341403947235,AH_621N_204CF3E2-1DA0-4908-A47F-78997B1BAFC2.wav,healthy
0.22100110352039337,0.06651128724563954,934.646798952113,598.2585227578429,1315.0903036428053,-239.48497009277344,19.910974502563477,0.8349031209945679,4.478636741638184,222.24661254882812,11.664776802062988,0.5163238644599915,2.7880196571350098,-74.01313781738281,6.146584987640381,-2.015256404876709,8.945456504821777,-31.754213333129883,5.048201560974121,-0.12112371623516083,0.6009280681610107,-7.878364086151123,4.754453659057617,0.4810121953487396,0.34279918670654297,-29.589054107666016,4.804745674133301,0.446134090423584,0.6079990863800049,25.202083587646484,3.598173141479492,0.09131797403097153,0.6807231903076172,2.9886255264282227,3.6743412017822266,0.1150384470820427,2.0009379386901855,-31.97831153869629,3.1357576847076416,0.09922166913747787,-0.045126914978027344,9.212470054626465,2.9532501697540283,-0.5574696063995361,0.834409236907959,2.562981605529785,2.910031795501709,-0.12023662775754929,-0.15494441986083984,-14.932097434997559,2.696322441101074,-0.08170140534639359,0.4500699043273926,3.3985981941223145,3.2403604984283447,0.14909367263317108,0.10721802711486816,-14.772123336791992,3.421403169631958,0.669019341468811,0.014945030212402344,-17.546131134033203,3.4882493019104004,0.2970008850097656,0.17915725708007812,7.193964004516602,2.6658520698547363,-0.5597326159477234,2.301759719848633,-6.224436283111572,2.800196647644043,0.006934185046702623,-0.6048648357391357,-10.656878471374512,2.5848264694213867,0.5099887847900391,0.8704996109008789,0.025677770376205444,2.620496988296509,1.4306666851043701,5.864884376525879,-11.328703880310059,2.7877142429351807,-0.29666051268577576,-0.6398704051971436,753.9844360351562,60.340576171875,717.2591552734375,1118.059326171875,400.8001708984375,5.243164539337158,0.0069539425894618034,0.005300614051520824,0.05989612266421318,0.05701591819524765,19.143375396728516,831.2844720298023,420.9982573447527,AH_667J_605FB4D5-E0DB-4B9B-8F58-784561C51693.wav,healthy
0.18613871932029724,0.09445278630780347,1092.1860933462658,680.1564383355659,1370.0967248464594,-251.61886596679688,34.54587173461914,0.6355859041213989,-1.0061579942703247,184.8743896484375,19.773067474365234,0.8431941270828247,-0.2681541442871094,-69.54131317138672,13.283632278442383,-1.2994170188903809,2.0705366134643555,-28.063087463378906,5.626025676727295,0.4013751447200775,1.9554247856140137,-21.746427536010742,6.113122940063477,1.6468287706375122,4.444642066955566,-43.87551498413086,4.890358924865723,0.29067498445510864,0.7448008060455322,28.904203414916992,7.100726127624512,0.6256474852561951,0.023322582244873047,18.530925750732422,3.681354522705078,-0.5526734590530396,3.980372428894043,-28.371206283569336,6.011147499084473,-0.31142812967300415,0.06035876274108887,2.3206770420074463,3.3380608558654785,0.9155076146125793,1.3687119483947754,2.5946242809295654,3.147596836090088,-0.45218315720558167,0.08557462692260742,-10.23011302947998,4.737888336181641,-0.33638548851013184,-0.2748754024505615,11.358216285705566,3.375460147857666,0.15882974863052368,0.7388408184051514,-3.9453210830688477,3.304633617401123,-0.9125089645385742,1.9377155303955078,-18.993953704833984,3.4733126163482666,-0.38302066922187805,0.6449708938598633,-0.9922894835472107,3.0452382564544678,0.27819111943244934,-0.42025256156921387,-1.678251028060913,3.376034736633301,0.09560132771730423,0.3254530429840088,-1.5683822631835938,2.62418270111084,-0.06492272764444351,0.18155193328857422,3.656111717224121,2.6004865169525146,0.33970534801483154,0.2807199954986572,-8.2116060256958,2.3463833332061768,0.06822178512811661,-0.023656129837036133,1032.3427734375,155.33502197265625,794.1864624023438,1189.733154296875,395.54669189453125,24.794519424438477,0.02401771955192089,0.02432144060730934,0.051202546805143356,0.06840874254703522,20.187875747680664,765.0137697380028,399.84968326774134,AH_678A_2E7AFA48-34C1-4DAD-A73C-95F7ABF6B138.wav,healthy
0.23705367743968964,0.06845819382440477,1062.0202841694606,761.896693401369,1462.847900390625,-210.62562561035156,17.956867218017578,2.6181983947753906,7.994818687438965,205.06204223632812,10.57440185546875,1.7026705741882324,3.354844093322754,-93.0602798461914,10.08635425567627,-1.2342865467071533,5.315532684326172,-28.76715087890625,7.746463775634766,1.2398720979690552,3.6339921951293945,-4.88465690612793,6.670285224914551,1.419698715209961,2.9079842567443848,-26.774824142456055,6.122944355010986,0.9653454422950745,8.843857765197754,36.827518463134766,4.400729179382324,0.22330264747142792,-0.9959332942962646,1.772965908050537,7.08222770690918,1.2773544788360596,2.176177501678467,-39.78001403808594,5.698747634887695,0.19017596542835236,-0.5374116897583008,12.304693222045898,3.272981643676758,-0.27721330523490906,-0.4864945411682129,-0.709227442741394,2.2204644680023193,-0.24842070043087006,-0.2779366970062256,-24.496183395385742,3.0308687686920166,0.5501671433448792,1.3136506080627441,4.686731815338135,2.97983455657959,-0.059410206973552704,-0.3520779609680176,-13.263330459594727,3.793532609939575,0.17310689389705658,-0.8554935455322266,-22.286630630493164,3.9760453701019287,0.24045878648757935,-0.4239976406097412,5.005701541900635,3.393124580383301,-0.8702940344810486,2.9777183532714844,-9.259294509887695,3.26668643951416,-0.17618416249752045,-0.30540037155151367,-15.452064514160156,3.050739049911499,-0.12117458134889603,-0.7659602165222168,-0.2680715322494507,2.745093822479248,-0.15055108070373535,-0.25092625617980957,-10.835752487182617,2.856860637664795,-0.017370380461215973,0.2716531753540039,439.8304138183594,366.48272705078125,190.2046356201172,1052.0177001953125,861.8130493164062,31.29060173034668,0.07114242017269135,0.0840652585029602,0.09102405607700348,0.07418101280927658,14.411787986755371,942.5373676394628,561.167685043283,AH_743R_66BD23F9-D685-4315-86F8-7697B5084F7B.wav,healthy
0.19538792967796326,0.043588491586538464,720.2331312255881,664.3003064835659,1120.416729266827,-217.43299865722656,31.20646095275879,0.3477301299571991,-0.6695394515991211,235.1570587158203,20.25192642211914,-0.5923156142234802,1.0631036758422852,-18.822364807128906,11.552326202392578,-1.1611074209213257,2.2354559898376465,-1.0154049396514893,7.768680095672607,0.2878226339817047,0.054001569747924805,-9.095230102539062,7.791009902954102,0.34865322709083557,-1.0431207418441772,-37.36090087890625,8.190546989440918,0.24827703833580017,-0.3261442184448242,21.821353912353516,7.309642314910889,0.4713766872882843,0.04806351661682129,11.672342300415039,5.8529253005981445,-0.29563984274864197,-0.5638213157653809,-24.730533599853516,8.41666316986084,-0.015543783083558083,-0.49939703941345215,2.7836999893188477,4.715732097625732,-0.38636285066604614,-0.15866708755493164,-1.2031872272491455,5.708127498626709,0.4514501094818115,-0.37046241760253906,-9.023038864135742,5.09702730178833,0.36423787474632263,-0.5815920829772949,11.228899955749512,4.564637660980225,-0.11693895608186722,0.050168514251708984,-7.918131351470947,4.024326324462891,-0.6274000406265259,0.4733705520629883,-17.869522094726562,3.348386764526367,0.3636268079280853,-0.45551204681396484,2.0579335689544678,5.944187164306641,0.6374034285545349,0.41687774658203125,-4.509781360626221,6.020004749298096,1.2589000463485718,1.6474533081054688,-5.129228591918945,3.3522584438323975,1.085432529449463,2.571518898010254,2.6802852153778076,5.136216163635254,-0.5741676688194275,0.06389331817626953,-11.15236759185791,5.025042533874512,-1.0313270092010498,1.0436930656433105,332.0020751953125,155.20680236816406,205.49368286132812,709.7979125976562,504.3042297363281,46.05620193481445,0.13872262835502625,0.10484187304973602,0.13222166895866394,0.1285344362258911,8.468871116638184,672.0579292847938,340.47236098856354,AH_753G_073DCC32-4397-4719-A019-DDD41F30F5F1.wav,healthy
0.17399734258651733,0.0913596929505814,1307.3066734424492,1079.8852508958435,2943.9769656159156,-218.18563842773438,14.355850219726562,1.4157212972640991,5.047212600708008,234.07318115234375,10.345773696899414,2.3228023052215576,7.108438491821289,-88.61244201660156,7.24732780456543,1.6141608953475952,4.975301742553711,13.256028175354004,5.3474507331848145,-0.6861498951911926,0.663628101348877,-17.3659610748291,4.291807174682617,0.08943866193294525,2.4623756408691406,-81.83811950683594,5.72985315322876,1.0700552463531494,2.641967296600342,39.872520446777344,3.8307433128356934,-0.0613585039973259,-0.04304313659667969,20.788349151611328,2.755094289779663,-0.23900683224201202,0.5607290267944336,-45.16886520385742,3.5643057823181152,1.02490234375,2.031672477722168,15.785784721374512,3.0547099113464355,0.0004502628871705383,-0.23937320709228516,-5.668612957000732,3.3646326065063477,-0.2771573066711426,-0.6292953491210938,-38.829307556152344,3.5203678607940674,-0.04984850808978081,-0.44293785095214844,14.321626663208008,2.1544511318206787,-0.18573923408985138,-0.4311411380767822,1.0777037143707275,2.6697804927825928,-0.019842330366373062,-0.3776686191558838,-20.89783477783203,3.303004026412964,-0.4412340819835663,0.7369594573974609,3.943920135498047,1.6519418954849243,-0.09379196912050247,0.18071556091308594,-12.369535446166992,2.2722227573394775,-1.0294166803359985,0.8045394420623779,-12.785356521606445,3.225918769836426,-0.785142183303833,1.2196826934814453,7.198031902313232,1.8708263635635376,0.093854621052742,-0.6019992828369141,-10.69498062133789,2.3280205726623535,0.17803189158439636,0.6103622913360596,825.5366821289062,149.21173095703125,247.1007080078125,1091.0355224609375,843.934814453125,85.71184539794922,0.10382560640573502,0.07188096642494202,0.10484468936920166,0.08752267062664032,11.199338912963867,1584.360292036171,1241.835123727419,AH_777G_4C8ACC89-7FE2-4174-AE3A-B21B39A0C869.wav,healthy
0.2968977093696594,0.04609437201433121,766.5431802074121,659.6107238577295,1209.6996914808917,-203.77581787109375,21.65874481201172,1.17762291431427,4.487142086029053,207.64871215820312,11.985727310180664,0.6431300044059753,0.7257134914398193,-42.929054260253906,10.755054473876953,-3.735927104949951,21.580202102661133,-9.559407234191895,8.792190551757812,-1.2967331409454346,4.634057521820068,-3.6874351501464844,7.13167142868042,-0.7177304029464722,1.4606351852416992,-34.794891357421875,7.298192501068115,-0.1662156879901886,0.6834628582000732,15.712697982788086,7.650053024291992,-0.2416898012161255,-0.48996543884277344,5.234345436096191,5.228387832641602,-0.16936348378658295,-0.12138581275939941,-25.663219451904297,4.170180320739746,0.455073744058609,1.4101638793945312,4.096696853637695,6.138924598693848,-0.004985063802450895,-0.8784463405609131,-3.603370189666748,5.6345343589782715,0.15451398491859436,-0.654407262802124,-17.89318084716797,4.4919114112854,-0.11721652746200562,0.20506072044372559,-0.3946995437145233,3.792962074279785,-0.2017345428466797,-0.5432159900665283,-14.68669605255127,3.2863731384277344,0.008373723365366459,-0.408583402633667,-18.831981658935547,3.568526029586792,0.35130876302719116,-0.49883270263671875,0.5068955421447754,3.704111099243164,0.13314007222652435,-0.10348749160766602,-8.343544006347656,2.0902256965637207,-0.010639196261763573,-0.13579010963439941,-8.818033218383789,3.0768046379089355,0.41947612166404724,0.012403726577758789,-1.8965688943862915,3.467989206314087,0.4830215871334076,1.3234214782714844,-16.317962646484375,3.8049910068511963,0.10732652246952057,0.0701296329498291,284.1348571777344,175.1089324951172,206.68186950683594,1056.3582763671875,849.6763916015625,13.069737434387207,0.045998360961675644,0.047880154103040695,0.09374010562896729,0.07622657716274261,19.26769256591797,761.5523943038592,440.2597413812541,AH_777R_A36CF7FA-37FD-483E-98FE-040942B1DF49.wav,healthy
0.2579508423805237,0.09954060299295775,1177.9741220171647,640.1340023565729,1636.2201529489437,-218.40972900390625,29.831748962402344,-0.15704895555973053,0.4398643970489502,191.37921142578125,17.608116149902344,-0.35449352860450745,0.4775378704071045,-95.45692443847656,12.742005348205566,0.18991728127002716,0.32104945182800293,-33.79285430908203,9.166230201721191,0.3021422028541565,-0.7192485332489014,9.1593017578125,5.610836982727051,-0.19894935190677643,0.19654250144958496,-25.377960205078125,7.224783420562744,-0.08119583874940872,-0.2586548328399658,3.105950117111206,4.806911945343018,0.345074862241745,-0.529374361038208,-13.927406311035156,8.798361778259277,0.6160287261009216,0.8808562755584717,-28.28179931640625,9.3457612991333,-0.5379692912101746,-0.8748347759246826,18.139883041381836,5.194128513336182,-0.6565449237823486,0.26533985137939453,7.516924858093262,6.712238311767578,-0.2626921236515045,-0.49735116958618164,-16.02923583984375,5.538858413696289,0.3142532408237457,-0.2389533519744873,0.5765002369880676,5.042373180389404,-0.4672199487686157,-0.25810980796813965,-8.857784271240234,4.893496513366699,0.08202843368053436,-0.0557255744934082,-8.036672592163086,3.745854377746582,0.8024776577949524,1.4060068130493164,9.44968318939209,4.978172302246094,0.11885945498943329,-0.25447654724121094,-6.746363162994385,4.8285346031188965,-1.141775369644165,1.351491928100586,-9.860973358154297,3.7832844257354736,-0.4162690341472626,0.26465702056884766,-1.0710793733596802,5.143937587738037,-0.20582382380962372,-0.3580653667449951,-14.00146198272705,3.746767997741699,0.3439081013202667,-0.2898740768432617,960.503173828125,339.52557373046875,548.9740600585938,1650.4227294921875,1101.44873046875,94.57144165039062,0.09846030920743942,0.10938612371683121,0.11215165257453918,0.09533149003982544,12.632038116455078,1075.0249919101332,505.58690532628157,AH_789Y_20CB672C-5F66-425E-8707-BE5B7FF807E2.wav,healthy
0.2157546728849411,0.04192184189618644,1008.3009761875051,813.9299853369071,1871.016369835805,-215.2261962890625,14.6673583984375,3.572511672973633,16.111724853515625,218.4971923828125,9.278189659118652,2.406595468521118,11.990062713623047,-95.50418853759766,6.9833807945251465,-0.05246179178357124,0.45741915702819824,-5.549215316772461,7.5688557624816895,0.860629141330719,5.087218284606934,36.97640609741211,5.830808162689209,-0.8411049246788025,6.626865386962891,-32.85028839111328,6.20830774307251,1.481097936630249,3.713548183441162,4.278217792510986,5.053500175476074,0.037659578025341034,-0.7667233943939209,10.18572998046875,4.870006084442139,-0.33518069982528687,-0.06683468818664551,-24.74695587158203,4.712397575378418,-0.029596250504255295,0.056177616119384766,6.468410491943359,4.414424419403076,0.19097405672073364,-0.5604419708251953,7.122007846832275,4.339896202087402,-0.13971617817878723,0.30742406845092773,-20.628093719482422,4.564083576202393,-0.5291129946708679,-0.18980741500854492,-6.8091864585876465,3.5637881755828857,0.4463474154472351,0.1832902431488037,-1.2873681783676147,4.501466274261475,0.08569369465112686,-0.08141231536865234,-7.473511219024658,3.0691115856170654,0.38428252935409546,-0.136796236038208,-6.433145999908447,4.060931205749512,0.10755238682031631,-0.3636801242828369,-9.647846221923828,3.5821118354797363,-1.092340111732483,2.2917895317077637,0.10780376195907593,2.9187815189361572,0.11778874695301056,-0.23821234703063965,0.6964596509933472,2.9083540439605713,0.19865009188652039,1.4822864532470703,-12.431682586669922,2.603273868560791,-0.1528048813343048,0.4961512088775635,186.8246307373047,3.0164482593536377,184.21493530273438,214.6959228515625,30.480987548828125,0.7276914119720459,0.0038950506132096052,0.002103214617818594,0.06896692514419556,0.0608568899333477,19.287830352783203,1089.3668434836648,657.4465695078851,AH_803T_66094C40-AE64-4AD3-AA97-B052C69DA3EF.wav,healthy
0.11675015836954117,0.07487222092661691,1046.3166927254601,756.4370965009333,1709.9613018889925,-245.2109375,24.61104393005371,1.0369423627853394,1.8115081787109375,203.04678344726562,13.618636131286621,1.116860270500183,1.1247053146362305,-78.11918640136719,15.408513069152832,-0.29327088594436646,-0.40314650535583496,-19.40886878967285,11.463006019592285,0.2709226906299591,1.1717019081115723,8.397178649902344,5.083460807800293,-0.3659970164299011,2.8315553665161133,-36.744842529296875,5.718590259552002,0.06502816826105118,1.723710536956787,11.624822616577148,6.082614898681641,1.169294834136963,1.4575743675231934,15.01770305633545,4.106279373168945,-0.6757716536521912,1.9294466972351074,-19.93254280090332,5.184925556182861,-0.7065553665161133,1.847142219543457,4.402195453643799,4.153772354125977,0.037706658244132996,0.14806747436523438,2.912355899810791,4.377997875213623,-0.026601357385516167,1.6756958961486816,-18.35127830505371,4.086061477661133,1.3821008205413818,5.91236686706543,-9.40302562713623,4.9477386474609375,1.410996913909912,3.023083209991455,-10.353734016418457,3.9139974117279053,-1.6795555353164673,5.191864967346191,-5.759232997894287,4.60543966293335,-2.2812044620513916,6.899304389953613,2.631521463394165,2.8717305660247803,0.5970909595489502,2.1122608184814453,-10.934325218200684,4.4901275634765625,-0.42110928893089294,0.6190762519836426,-7.101107120513916,2.8888309001922607,-0.14906811714172363,-0.016953229904174805,-1.9932457208633423,3.397249937057495,0.7048366665840149,1.3913602828979492,-15.85506820678711,3.112602472305298,-0.12241104990243912,0.5322084426879883,836.8706665039062,223.66114807128906,181.71945190429688,984.6746215820312,802.9552001953125,26.637418746948242,0.03182979300618172,0.029587160795927048,0.05275997146964073,0.08429359644651413,13.36443042755127,934.2642565879702,548.7663762860193,AH_821C_8F9D5EF0-18B2-4967-B36D-82E014792BC3.wav,healthy
0.21190176904201508,0.0780297256097561,1012.3641497045538,663.5648225120636,1522.292420922256,-173.19036865234375,28.712316513061523,-3.526531457901001,14.263662338256836,275.2392578125,19.6957950592041,-4.137197494506836,18.64566421508789,-95.60782623291016,8.99974250793457,1.1714434623718262,4.200873374938965,-26.747100830078125,5.982033729553223,-0.5661100149154663,0.6308515071868896,17.62458038330078,4.721681594848633,-0.6412805914878845,0.9364185333251953,-30.858211517333984,8.451248168945312,2.4628372192382812,11.917328834533691,15.945709228515625,3.6576590538024902,-0.031940534710884094,-0.500586748123169,6.281193733215332,4.952937126159668,-1.8282556533813477,6.751334190368652,-24.924253463745117,4.069564342498779,0.3434920907020569,0.21458816528320312,14.345649719238281,3.8678863048553467,0.36869198083877563,-0.26353001594543457,8.065875053405762,3.5176618099212646,0.02532636560499668,0.3942279815673828,-9.040263175964355,3.4766604900360107,-0.3230571150779724,0.7541913986206055,2.8944218158721924,4.3979172706604,-0.33957043290138245,0.8238005638122559,-18.267873764038086,3.1961114406585693,-0.5131335854530334,0.35671305656433105,-13.250785827636719,3.928304672241211,0.7119343280792236,1.4816532135009766,7.470145225524902,2.5401294231414795,0.05686919763684273,-0.45178794860839844,-17.3150577545166,2.993947982788086,0.37134596705436707,0.3044588565826416,-13.523246765136719,2.9139182567596436,0.16933321952819824,-0.5573718547821045,6.374653339385986,3.3282999992370605,-0.6236504912376404,0.3161649703979492,-10.691000938415527,3.0985946655273438,0.1489265114068985,0.6080167293548584,521.813720703125,284.27740478515625,161.1302032470703,1439.8482666015625,1278.718017578125,52.870849609375,0.10132130980491638,0.11330682039260864,0.14986295998096466,0.08808828145265579,7.341623783111572,936.783425193457,453.84088904713053,AH_888A_7F1444B0-B12C-4B55-AF2A-463395DCAF3C.wav,healthy
0.276342511177063,0.06924648139312978,989.5756293224217,815.2718843548383,1470.5040851622136,-227.3719024658203,48.75275802612305,-1.7897512912750244,2.3971853256225586,190.61399841308594,26.534448623657227,-1.6826651096343994,1.9144096374511719,-55.4815559387207,14.895885467529297,1.1962438821792603,1.8824200630187988,-0.4311223030090332,7.4210333824157715,0.07948531210422516,-0.3615238666534424,-5.749950408935547,5.623105525970459,-0.03390262648463249,1.3121600151062012,-48.746681213378906,13.259522438049316,0.7492061853408813,-0.26546311378479004,24.622421264648438,5.9622087478637695,0.7511357665061951,0.8555128574371338,21.569833755493164,7.328330993652344,-0.6998757719993591,0.11573672294616699,-24.567543029785156,5.583888530731201,0.6278506517410278,0.45595717430114746,8.016003608703613,4.760741710662842,0.9643640518188477,1.1884918212890625,0.37229859828948975,3.5875391960144043,-0.31528881192207336,-0.5506622791290283,-28.06303596496582,3.5817415714263916,0.5111401677131653,0.7631101608276367,-3.6704952716827393,4.242857933044434,0.3232463002204895,-0.07990837097167969,-4.862198352813721,3.558765411376953,-0.8069587349891663,0.8855180740356445,-16.32230567932129,3.3468446731567383,-0.1700318455696106,-0.5516374111175537,-1.9526506662368774,4.350822448730469,1.488267421722412,3.8855113983154297,-10.413704872131348,3.4676764011383057,0.05048178508877754,0.08062291145324707,-16.70707893371582,3.5912604331970215,-0.32509517669677734,-0.05493640899658203,-3.7178258895874023,3.726644992828369,0.608558714389801,0.3721342086791992,-5.573716640472412,4.720363140106201,0.5243793725967407,0.07948660850524902,753.859619140625,317.1024475097656,235.0587158203125,981.6334228515625,746.57470703125,66.18148803710938,0.08779019862413406,0.0995400995016098,0.07668813318014145,0.07302556931972504,20.011585235595703,878.7962364269836,655.5873149601996,AH_904H_85B22FC1-BA09-4A17-A374-B00B2445CD27.wav,healthy
0.26430433988571167,0.057169596354166664,766.7456496856571,521.5016566873963,1025.13427734375,-218.5240020751953,25.56507110595703,0.9525599479675293,1.6188664436340332,222.93035888671875,12.605171203613281,0.5680713653564453,-0.2432861328125,-25.040861129760742,11.947514533996582,-1.421826720237732,3.643777847290039,-16.92525291442871,5.22062873840332,0.8623707890510559,0.9819052219390869,-32.55986785888672,7.179440498352051,1.9175763130187988,5.638815879821777,-65.42168426513672,5.255215644836426,0.6286733746528625,0.892451286315918,-1.893410086631775,4.0130486488342285,0.8250670433044434,0.5633020401000977,6.604009628295898,3.3525264263153076,-0.3506062924861908,-0.16274404525756836,-19.781911849975586,3.481612205505371,-0.052681419998407364,0.9414534568786621,1.9202897548675537,4.569824695587158,1.6184630393981934,4.32620096206665,-3.3687384128570557,2.3037941455841064,-0.4156951308250427,-0.2030782699584961,-8.778343200683594,3.086716890335083,-0.1269455850124359,0.9412658214569092,11.735651969909668,3.3208656311035156,1.0679585933685303,2.6167407035827637,-2.415616750717163,2.6035332679748535,0.054161712527275085,0.4369533061981201,-12.845084190368652,3.7320923805236816,-0.25633421540260315,-0.13233113288879395,-6.30690860748291,3.105715751647949,-0.09662915021181107,-0.4160196781158447,-20.199344635009766,2.598304510116577,0.16972137987613678,-0.7088272571563721,-13.151678085327148,2.925398111343384,0.39803454279899597,-0.3247380256652832,4.798439979553223,3.548762798309326,1.4842896461486816,3.113828182220459,-3.6353883743286133,2.2641263008117676,-0.27455732226371765,-0.3325955867767334,631.5344848632812,56.810585021972656,552.6220703125,722.8153076171875,170.1932373046875,22.30655288696289,0.035321194678545,0.03253279626369476,0.1343151032924652,0.11043966561555862,11.407394409179688,638.3685286103542,263.0143053620323,AH_942A_3F7867F3-1AE2-4BE6-B5EC-AC3157D310CF.wav,healthy
0.22454965114593506,0.060408837684599155,998.2163136533707,825.8510917405569,1804.1553352452531,-170.86131286621094,17.795984268188477,-1.5708861351013184,4.989009380340576,219.77447509765625,10.783031463623047,-1.304723858833313,2.343824863433838,-70.89225769042969,9.200782775878906,-0.5918306708335876,1.3391461372375488,-8.893892288208008,7.086950778961182,-0.72959965467453,2.0236477851867676,8.86948299407959,6.916546821594238,-0.8038779497146606,0.4796910285949707,-43.39859390258789,8.776644706726074,-0.15849192440509796,1.7279577255249023,2.6153817176818848,7.256916046142578,-0.06313485652208328,1.7360615730285645,-4.321301460266113,8.328800201416016,0.9350550770759583,0.7806124687194824,-28.46870231628418,7.708202362060547,0.8568626642227173,0.38379502296447754,13.495134353637695,4.578563690185547,-1.1497465372085571,2.6711745262145996,4.229061126708984,4.6581501960754395,0.06847863644361496,0.8924565315246582,-10.741793632507324,4.508147716522217,-0.09711132943630219,-0.018563032150268555,12.886784553527832,4.199889183044434,-0.4052268862724304,0.25602293014526367,-13.516164779663086,3.4412472248077393,-0.0655239149928093,0.711235523223877,-26.843578338623047,5.278593063354492,1.0964641571044922,0.9965603351593018,1.4376537799835205,3.0634822845458984,-0.2608887851238251,-0.07364463806152344,-11.98651123046875,3.677258014678955,-0.5461747646331787,0.42631053924560547,-17.963708877563477,4.745548248291016,1.1179699897766113,1.7963213920593262,4.277182579040527,3.5104551315307617,0.1939791738986969,0.2734792232513428,-4.64635705947876,3.522613525390625,-0.26478147506713867,0.6047992706298828,446.53460693359375,198.00177001953125,244.15748596191406,681.5654296875,437.407958984375,32.466156005859375,0.0727069228887558,0.07604894042015076,0.08511179685592651,0.06693824380636215,15.574883460998535,697.0733930350527,444.3193117552146,AH_545616858-3A749CBC-3FEB-4D35-820E-E45C3E5B9B6A.wav,parkinsons
0.23661379516124725,0.05939885496183206,841.8518135024023,736.4911054881538,1168.8748658158397,-190.42076110839844,20.080642700195312,-0.191758930683136,-0.5060007572174072,244.9101104736328,11.199360847473145,-1.5351519584655762,3.740762233734131,-45.54638671875,12.113204002380371,-0.070384681224823,-0.3860135078430176,-3.3218562602996826,5.970155715942383,-0.2162848263978958,-0.3551292419433594,-11.809465408325195,5.5077714920043945,-0.5855385065078735,1.8561410903930664,-46.927188873291016,7.013971328735352,0.30445826053619385,0.6759302616119385,28.390178680419922,7.377634048461914,-0.7511159181594849,-0.21134281158447266,12.401875495910645,4.110474586486816,0.0454149954020977,-0.28363776206970215,-29.886714935302734,5.414740562438965,1.0324422121047974,4.475851058959961,11.184419631958008,4.0547919273376465,-0.21646758913993835,0.0599818229675293,0.9045518636703491,3.2377560138702393,0.04271138831973076,-0.3779783248901367,-18.137229919433594,4.915395259857178,-0.010946618393063545,-0.2956247329711914,8.50806999206543,4.563661098480225,-0.28492867946624756,0.5977194309234619,-5.607839107513428,4.535367488861084,0.42824310064315796,-0.3292081356048584,-16.352359771728516,2.86567759513855,0.63367760181427,0.36849546432495117,-5.08761739730835,3.1301894187927246,-0.23674286901950836,-0.39824986457824707,-19.908262252807617,3.0615692138671875,-0.3129858672618866,0.13539791107177734,-10.244386672973633,3.873605489730835,0.003180015366524458,-0.5017123222351074,5.884875297546387,3.345189332962036,-0.6689032912254333,0.9563994407653809,-8.707383155822754,3.811073064804077,0.06411135196685791,-0.5993077754974365,362.2309265136719,222.29249572753906,204.71173095703125,735.780029296875,531.0682983398438,25.960220336914062,0.07166759669780731,0.07793404906988144,0.09344934672117233,0.0697106346487999,11.914671897888184,658.9764597039474,334.6685933285585,AH_545622717-461DFFFE-54AF-42AF-BA78-528BD505D624.wav,parkinsons
0.16723057627677917,0.09306376689189189,1142.6469510752622,704.7936456734426,1495.1026710304054,-291.7446594238281,79.01961517333984,0.24994401633739471,-0.8509180545806885,159.4022674560547,38.398406982421875,0.24741682410240173,-0.7124679088592529,-67.02398681640625,28.038576126098633,-0.1192745715379715,-1.0184673070907593,-34.31951904296875,9.23390007019043,-0.9128178954124451,1.5004315376281738,-13.065446853637695,8.998541831970215,0.747778058052063,-0.21179890632629395,-21.34454917907715,11.94660472869873,0.28236114978790283,-0.4365558624267578,23.39204216003418,10.256648063659668,0.3828754127025604,-1.04743230342865,-2.1065917015075684,5.867704391479492,-0.2787095606327057,0.9195816516876221,-30.47063636779785,8.995100975036621,-0.2619459629058838,-0.9024612903594971,10.01601791381836,5.6777215003967285,0.16437910497188568,-0.42847537994384766,1.480201244354248,3.6341471672058105,-0.8300660848617554,0.22620868682861328,-21.121257781982422,5.785529613494873,0.7968757152557373,0.937554121017456,-0.05725419893860817,5.665672302246094,0.12714679539203644,-0.3516566753387451,-5.893259048461914,6.225127220153809,-1.0738937854766846,1.0095815658569336,-9.770227432250977,6.938004970550537,-0.28240206837654114,-0.7700314521789551,9.669266700744629,4.450944423675537,0.7826865911483765,0.7660293579101562,-4.832897186279297,4.213546276092529,-0.09743084758520126,-0.6246628761291504,-17.019439697265625,4.815738677978516,1.0607542991638184,1.2775440216064453,-4.820744514465332,4.381661415100098,-0.3931477963924408,-0.20268559455871582,-7.196704864501953,5.068265914916992,-0.23379884660243988,-0.4215855598449707,992.7684936523438,138.035400390625,479.4212646484375,1398.0263671875,918.6051025390625,37.85816955566406,0.03813393414020538,0.03233784809708595,0.1131182536482811,0.1717621237039566,5.889361381530762,937.2902732933579,487.7194994386128,AH_545622718-C052AD58-5E6B-4ADC-855C-F76B66BAFA6E.wav,parkinsons
0.3031924068927765,0.07335344145569621,1050.6182221363083,724.6623014435372,1605.995352056962,-214.36090087890625,75.50296020507812,0.5645233392715454,-0.3553454875946045,168.45106506347656,28.250185012817383,0.22815115749835968,-0.46498966217041016,-53.929019927978516,38.60063171386719,-0.1723455786705017,-0.7647650241851807,-22.23995590209961,32.66621780395508,0.3265000879764557,-1.4571433067321777,-9.049676895141602,30.172996520996094,0.31950876116752625,-1.3217099905014038,-27.153348922729492,13.451111793518066,-0.14260900020599365,-0.7474970817565918,21.495141983032227,9.627754211425781,-0.2930443584918976,-0.8683607578277588,7.477590560913086,7.872432708740234,-0.5045866370201111,-0.08238744735717773,-25.568668365478516,10.151572227478027,0.21988222002983093,0.48343753814697266,3.0517418384552,9.936258316040039,0.05049286410212517,-0.6486799716949463,-0.8698174357414246,11.136588096618652,0.44705772399902344,-0.6532573699951172,-15.979887962341309,9.861084938049316,-0.24843627214431763,-1.0649726390838623,0.7081403136253357,6.764697551727295,0.28570830821990967,-0.29793334007263184,-7.65037727355957,6.022460460662842,-0.03666720539331436,-0.20469236373901367,-11.442464828491211,6.7618632316589355,-0.24171914160251617,-0.16836786270141602,5.790882110595703,5.9905242919921875,-0.6443991661071777,0.06387543678283691,-1.5220056772232056,8.036086082458496,-0.19143572449684143,-0.949791669845581,-5.288481712341309,6.21087646484375,-0.26175254583358765,-0.502335786819458,0.9755027294158936,5.8118109703063965,0.21812127530574799,-0.34668970108032227,-7.300279140472412,7.071419715881348,0.20768633484840393,-0.08150720596313477,666.3887329101562,337.65118408203125,279.1429443359375,1430.2723388671875,1151.12939453125,54.77165985107422,0.08219175785779953,0.07690355181694031,0.13710539042949677,0.10931409150362015,12.126001358032227,1033.0951519536902,625.0311464165925,AH_545622719-52C23861-6E0D-41E0-A3D8-9358C28C019B.wav,parkinsons
0.320448100566864,0.0576571098663522,1014.012497468211,950.5402053919198,2066.713498673349,-183.23800659179688,35.8956298828125,0.34192734956741333,-0.7919883728027344,186.66900634765625,19.728843688964844,0.043635785579681396,-0.6652488708496094,-55.84900665283203,28.32546043395996,0.31299087405204773,-1.0333952903747559,20.506162643432617,13.43608283996582,-0.37003839015960693,-1.1826564073562622,18.904939651489258,14.265436172485352,0.01740894466638565,-0.658627986907959,-37.63729476928711,10.62293529510498,0.026070820167660713,-0.8653547763824463,24.34229850769043,10.02985668182373,0.2690715193748474,-1.2258251905441284,12.93038272857666,8.599026679992676,0.5838156342506409,-0.6976165771484375,-33.44472122192383,9.18740463256836,0.004270266275852919,-1.235500454902649,8.442682266235352,5.319504261016846,0.5748540163040161,0.25449609756469727,8.386237144470215,11.437335014343262,0.16579145193099976,-1.394985556602478,-14.742313385009766,3.955634355545044,-0.3962972164154053,0.14400243759155273,11.044825553894043,4.312921524047852,0.5012131929397583,0.0301206111907959,1.832169771194458,6.022233009338379,-0.0898372158408165,-0.9041695594787598,-17.049335479736328,7.189204216003418,-0.3535265624523163,-1.1909942626953125,-0.8723154067993164,7.869831562042236,0.16707798838615417,-0.6349573135375977,-2.1901862621307373,6.734078884124756,0.11117243766784668,-1.3683414459228516,-3.4205918312072754,3.8054676055908203,0.16405026614665985,-0.35407567024230957,3.235800266265869,3.729963541030884,0.43985217809677124,0.16227173805236816,-8.945541381835938,3.1610193252563477,-0.939910888671875,0.844559907913208,345.43450927734375,314.2958068847656,159.36868286132812,1292.1759033203125,1132.8072509765625,32.54710006713867,0.09422075748443604,0.08543357253074646,0.09184823930263519,0.06693175435066223,22.058937072753906,1325.197852691474,1073.3146836823087,AH_545622720-E1486AF6-8C95-47EB-829B-4D62698C987A.wav,parkinsons
0.4486946761608124,0.08701361498786407,1151.253257251625,741.8242347088943,1865.3398532311894,-155.05148315429688,35.26643371582031,-0.31582093238830566,-1.4976683855056763,196.561279296875,14.184121131896973,0.459771066904068,1.0355839729309082,-99.41205596923828,16.93313217163086,0.5969234108924866,-0.23443818092346191,-17.391613006591797,13.092851638793945,-0.41103827953338623,-1.1521331071853638,2.5376737117767334,12.913688659667969,-0.43315812945365906,-1.260436773300171,-53.62996292114258,4.584464073181152,0.7720248103141785,0.7881572246551514,12.744453430175781,4.005153179168701,-0.11554675549268723,0.09189605712890625,16.63404083251953,8.566768646240234,0.2311149686574936,-1.1940973997116089,-28.825651168823242,5.258536338806152,1.1369637250900269,0.9674499034881592,-1.3724768161773682,9.080820083618164,-0.3580387830734253,-1.057607889175415,1.9717793464660645,3.122959613800049,-0.20666645467281342,0.6177926063537598,-6.7245330810546875,4.016829967498779,-0.25545334815979004,0.02628159523010254,11.130350112915039,6.839466571807861,-0.3918273448944092,-1.1633926630020142,-2.765956163406372,3.3309075832366943,0.22583626210689545,-0.23824739456176758,-8.715897560119629,2.8116633892059326,0.30773863196372986,0.1939704418182373,-3.200272560119629,4.827426433563232,-0.19111168384552002,-0.63820481300354,-22.276594161987305,4.4535441398620605,-0.08900803327560425,-0.5462749004364014,-10.313443183898926,3.037388563156128,-0.4193914234638214,0.4651470184326172,9.503050804138184,3.8622474670410156,-0.6704990863800049,0.8470156192779541,-3.329129457473755,2.7866322994232178,-0.6095995903015137,0.2961692810058594,945.3945922851562,160.79141235351562,629.6023559570312,1078.364501953125,448.76214599609375,63.30693435668945,0.06696350127458572,0.07339690625667572,0.19733205437660217,0.0883844867348671,17.348188400268555,855.3424748050307,506.31311189049995,AH_545622722-3C79DA68-36BB-43A2-B29C-61AEF480E07E.wav,parkinsons
0.377203106880188,0.0773121387283237,951.368686910326,618.7671681488303,1129.8085824602601,-193.5056915283203,17.612417221069336,0.8431946635246277,0.5399246215820312,201.64491271972656,9.611777305603027,0.5051588416099548,0.8825464248657227,-57.18639373779297,12.477805137634277,-0.6323338150978088,1.237098217010498,-17.83106803894043,7.594516277313232,1.2295901775360107,1.4759182929992676,-22.340736389160156,8.804267883300781,1.4014685153961182,1.9404006004333496,-57.709205627441406,5.847535133361816,1.2030813694000244,1.3235483169555664,12.841753005981445,3.950592517852783,0.21117551624774933,-0.05092620849609375,17.084806442260742,3.9831957817077637,-0.7725855708122253,1.4305243492126465,-11.81550121307373,5.260586738586426,-1.1586031913757324,1.4434432983398438,12.395975112915039,3.613295316696167,-0.3394293785095215,0.45600390434265137,-7.427069664001465,3.3724589347839355,0.20499497652053833,0.3375735282897949,-23.503034591674805,3.2592830657958984,0.02876247465610504,0.6229465007781982,2.318727493286133,3.880841016769409,-0.21272806823253632,0.3721938133239746,-6.294236183166504,3.4542088508605957,-0.2951684892177582,0.10884904861450195,-4.420524597167969,3.195472478866577,-0.015264037996530533,-0.47528505325317383,14.912100791931152,3.352269411087036,0.27673402428627014,-0.13482952117919922,-4.19265079498291,3.576449155807495,0.281192421913147,0.3619043827056885,-9.990610122680664,3.888422727584839,-0.12143244594335556,-0.5581707954406738,-0.5360901951789856,4.6715898513793945,-0.3807184100151062,-0.05577254295349121,-9.880759239196777,3.5978000164031982,-1.287613868713379,3.1046853065490723,907.9026489257812,75.6894302368164,762.4046020507812,973.2329711914062,210.828369140625,30.385196685791016,0.03346746042370796,0.0345519594848156,0.11572641879320145,0.07913963496685028,20.63494110107422,654.7184038765823,278.14988382651893,AH_545629296-C2C009C6-8C17-42EA-B6BE-362942FC4692.wav,parkinsons
0.2286590188741684,0.061710506290584416,806.264333147991,568.8828747428807,1135.87646484375,-231.00743103027344,35.828433990478516,0.1863386034965515,-0.47960782051086426,225.61009216308594,17.857025146484375,0.4141813814640045,0.3808553218841553,-46.423431396484375,14.288249015808105,-0.8563122749328613,0.6534545421600342,-25.849456787109375,11.234189987182617,0.0179196335375309,-0.9242050647735596,-15.508617401123047,8.779040336608887,0.13218724727630615,0.10699033737182617,-39.732749938964844,5.488498687744141,0.20850497484207153,0.4122934341430664,11.547567367553711,3.991489887237549,0.44434353709220886,0.069305419921875,5.195487022399902,3.970608711242676,-0.4218224883079529,0.8945999145507812,-21.43206024169922,4.865655422210693,0.12987157702445984,-0.9184792041778564,3.5093905925750732,4.591493606567383,0.31167009472846985,0.2117786407470703,-6.885945796966553,3.2385358810424805,0.19256243109703064,-0.04416084289550781,-13.327399253845215,3.8274929523468018,0.31050488352775574,1.4325580596923828,9.696104049682617,4.909411907196045,0.5441909432411194,0.28905820846557617,-7.886632919311523,2.7267866134643555,0.11132968962192535,-0.7894976139068604,-17.232511520385742,3.4151694774627686,0.00956167932599783,-0.4108607769012451,-2.8623287677764893,3.2898192405700684,-0.08005903661251068,0.574944019317627,-13.926851272583008,2.910370349884033,-0.0487210638821125,0.017041444778442383,-8.754231452941895,3.5615780353546143,-0.3592796325683594,0.1513671875,5.856400012969971,3.6833157539367676,0.1429981142282486,0.20974230766296387,-6.8964433670043945,3.4432294368743896,-0.0009445408941246569,-0.1827681064605713,633.6832885742188,151.31878662109375,312.5042724609375,1120.8804931640625,808.376220703125,51.083335876464844,0.08061335235834122,0.08141962438821793,0.08734603226184845,0.08104396611452103,11.438979148864746,713.8484528417674,351.92076958185584,AH_545643618-82A143AC-B643-4273-A923-C42A83AEEC5F.wav,parkinsons
0.2301245778799057,0.06288655598958333,857.0469426559281,627.6768753658345,1234.2338562011719,-207.0960235595703,24.47663688659668,1.2726008892059326,2.0395045280456543,212.994873046875,16.579553604125977,1.6359025239944458,2.922612190246582,-47.642822265625,8.966976165771484,1.3244692087173462,2.646027088165283,-21.042966842651367,5.605698108673096,0.9074162840843201,1.488213062286377,-13.806195259094238,8.137474060058594,-0.2246941328048706,-0.24719548225402832,-41.906795501708984,8.66007137298584,0.3220788538455963,0.07518744468688965,9.302300453186035,4.621830940246582,0.23992852866649628,0.7196075916290283,-4.168393611907959,6.614689350128174,-0.2422707974910736,-0.3746376037597656,-37.47909927368164,4.77708101272583,1.208636999130249,4.202043056488037,3.3740227222442627,4.002204418182373,-0.09167318046092987,0.2511610984802246,10.545334815979004,4.151755332946777,0.2424798160791397,0.023081541061401367,-3.909978151321411,5.734632968902588,-0.23111319541931152,-0.3664698600769043,8.897720336914062,3.5445942878723145,-0.2511008679866791,-0.24813413619995117,-7.268375873565674,4.879951477050781,0.509838342666626,-0.10986924171447754,-19.049135208129883,3.563349485397339,0.11498552560806274,-0.23452377319335938,-4.581197738647461,4.434948444366455,1.0219415426254272,2.214578151702881,-8.771817207336426,3.6406455039978027,-0.19932855665683746,0.4201786518096924,-4.386932849884033,4.2652411460876465,-1.483189344406128,4.044557571411133,4.569589138031006,3.5105507373809814,-0.584014356136322,0.4094970226287842,-10.579657554626465,4.061988830566406,0.17384636402130127,0.1888899803161621,637.2767944335938,88.36817169189453,203.2932586669922,720.24560546875,516.9523315429688,36.364070892333984,0.057061657309532166,0.05115461349487305,0.10533516854047775,0.09215269982814789,10.864078521728516,714.4491342397837,374.07461925375776,AH_545648867-CB17D873-1CEA-492A-B5B0-93C7463F516C.wav,parkinsons
0.37580105662345886,0.1018236320970696,1524.9368657588877,916.7720475191254,2675.599083533654,-148.11668395996094,13.977705001831055,2.808025360107422,17.116025924682617,179.41256713867188,7.673353672027588,-2.196263313293457,24.865842819213867,-132.88693237304688,6.8036909103393555,2.014793634414673,16.187976837158203,-8.809911727905273,4.335412979125977,-0.41749107837677,1.0365066528320312,18.61862564086914,4.688953876495361,-3.0923304557800293,24.405698776245117,-65.56281280517578,6.008672714233398,0.2477356195449829,1.345010757446289,-2.844938039779663,4.4509100914001465,-0.8529767394065857,3.817074775695801,3.269237518310547,5.036121368408203,0.5733257532119751,-0.22072744369506836,-36.84016036987305,3.6205427646636963,1.1941741704940796,5.571695327758789,11.064790725708008,3.9471235275268555,-0.11165440827608109,-0.34412074089050293,7.540325164794922,3.7952497005462646,0.2580932676792145,0.7796363830566406,-25.160348892211914,4.582563400268555,2.9751510620117188,17.713075637817383,-3.7971553802490234,3.4260857105255127,-0.6650890111923218,1.554832935333252,-11.11562728881836,3.001281499862671,-0.676214873790741,2.5830068588256836,-13.829340934753418,3.0783302783966064,0.08457750082015991,0.15874624252319336,10.602428436279297,3.52787184715271,-0.5626586675643921,0.3632197380065918,-7.847801208496094,4.335806369781494,0.396458238363266,-0.36258912086486816,-15.021639823913574,4.109986782073975,0.7660977840423584,2.244534492492676,1.130098581314087,3.5011796951293945,-0.13536801934242249,-0.12544941902160645,-13.410441398620605,3.3447377681732178,-0.05988052487373352,-0.3856079578399658,861.0587768554688,270.8626708984375,585.578369140625,2574.40625,1988.827880859375,83.16258239746094,0.09658177196979523,0.09046614170074463,0.14629487693309784,0.06533178687095642,17.502750396728516,1640.301934228289,897.2943575909989,AH_545692309-EA8C4DC0-9B2A-4CC7-A490-851A2129A733.wav,parkinsons
0.1819082498550415,0.07721251060520362,1229.2524125862117,766.4090506586264,1947.3907884968892,-240.5070343017578,32.33616638183594,1.243897795677185,1.0448088645935059,157.57176208496094,17.256912231445312,1.316522240638733,1.4320306777954102,-83.97967529296875,11.468388557434082,-0.7985595464706421,0.13590669631958008,-28.985946655273438,4.1595306396484375,-0.5762535929679871,0.34607505798339844,-17.991775512695312,3.5659446716308594,-0.1024031713604927,-0.25978899002075195,-44.3212776184082,4.861328125,-0.8232430815696716,1.0942673683166504,26.684518814086914,4.029665946960449,-0.12178699672222137,0.22525787353515625,20.65808868408203,2.925697088241577,0.04364462569355965,0.8324751853942871,-25.416780471801758,3.827242851257324,-0.008885216899216175,-0.7786004543304443,2.5328197479248047,3.781264305114746,0.2511415481567383,0.6145191192626953,6.15195369720459,3.100196599960327,-0.6734273433685303,1.5303936004638672,-7.409071445465088,3.736923933029175,-1.3979790210723877,5.837701797485352,1.8369930982589722,2.8428056240081787,0.2575747072696686,0.19861245155334473,-11.922497749328613,3.0547313690185547,0.26741448044776917,0.26453471183776855,-11.338568687438965,2.2034122943878174,0.03954215347766876,-0.2981250286102295,3.6975042819976807,2.7915244102478027,0.38261812925338745,-0.010229825973510742,-3.1722750663757324,3.165482997894287,-0.17724280059337616,-0.14594244956970215,9.609746932983398,2.209785223007202,-0.07941435277462006,0.5488841533660889,13.215277671813965,2.809842586517334,0.2307075411081314,0.021877288818359375,-13.8623046875,3.055820941925049,0.3973444998264313,0.4891347885131836,817.1019287109375,67.90093231201172,778.373291015625,1107.90380859375,329.530517578125,15.484796524047852,0.018950875848531723,0.01977519318461418,0.060996636748313904,0.085343137383461,15.38944149017334,911.4513774671053,387.77599035519154,AH_545692315-C2972597-9AEC-4060-A186-F1F59340640C.wav,parkinsons
0.239196315407753,0.08866290656887756,1053.6427891620494,717.1693722218687,1580.712890625,-202.31134033203125,41.15525817871094,-3.450049638748169,12.007883071899414,217.82925415039062,33.503047943115234,-1.928309679031372,3.537278175354004,-72.10326385498047,26.447858810424805,-1.7088464498519897,2.434051036834717,-20.741668701171875,16.167999267578125,0.6195601224899292,1.271263599395752,-1.4398192167282104,13.88591194152832,1.1675965785980225,1.3543586730957031,-33.896400451660156,12.021135330200195,-1.264602541923523,1.5387868881225586,27.353069305419922,12.25820255279541,-1.9397376775741577,2.8698697090148926,12.883682250976562,4.505256652832031,-0.521801769733429,-0.7507247924804688,-33.23414993286133,9.111276626586914,1.348104476928711,1.3687257766723633,1.5395126342773438,9.299049377441406,1.88822340965271,4.429066181182861,0.06186388432979584,5.68934965133667,-0.4263578951358795,1.2186098098754883,-18.133108139038086,3.9979374408721924,0.33270442485809326,-0.34294557571411133,6.169841766357422,6.40119743347168,0.9159960150718689,1.2473554611206055,-3.6332509517669678,6.391480445861816,1.0260642766952515,0.9547545909881592,-20.302288055419922,6.099410057067871,0.5037117600440979,-0.35528564453125,-5.05775785446167,6.408669471740723,0.30359405279159546,0.24750542640686035,-3.373764991760254,3.882000207901001,0.19436585903167725,0.1861891746520996,-2.446269989013672,4.104308128356934,-0.1945597231388092,-0.4035677909851074,-0.9250745177268982,3.894777774810791,-0.027686402201652527,-0.30678772926330566,-12.335726737976074,4.155386447906494,1.1343252658843994,1.812870979309082,563.361572265625,571.0159301757812,146.1373291015625,2068.491943359375,1922.3546142578125,164.50485229492188,0.2920058071613312,0.25297534465789795,0.14337527751922607,0.11237549781799316,10.881473541259766,1407.7619112454927,923.0976206025457,AH_545713221-1E77C030-4558-4A88-B1A2-6AB777ACAE61.wav,parkinsons
0.19021330773830414,0.041295123922413794,766.2486936684427,700.0787425711756,1170.7379781788793,-241.6002655029297,37.62656784057617,0.48552894592285156,0.443070650100708,205.05018615722656,22.707809448242188,0.4217667579650879,-0.5129117965698242,-29.043743133544922,12.29271411895752,-1.6426446437835693,7.320258140563965,-3.7896392345428467,7.202311038970947,-0.8609797358512878,1.507730484008789,-4.226350784301758,5.8645501136779785,0.12606415152549744,0.5241029262542725,-33.70383834838867,6.533996105194092,-0.14840473234653473,-0.36608123779296875,18.61215591430664,5.733892917633057,0.7202513813972473,0.35787153244018555,14.69533634185791,4.916767597198486,-0.16881971061229706,-0.17507290840148926,-14.566540718078613,4.149726390838623,0.49090325832366943,1.4369463920593262,8.939599990844727,5.6095709800720215,-0.2339993268251419,-0.15044450759887695,0.10151534527540207,3.8154635429382324,0.3965635895729065,-0.08195137977600098,-13.785782814025879,4.615630626678467,-0.4167361259460449,0.6862707138061523,0.7373077273368835,4.708987712860107,-0.01755169965326786,0.5688612461090088,-15.212285995483398,4.710936546325684,-0.3967297673225403,0.7461497783660889,-20.952468872070312,5.87286376953125,-0.4332274794578552,-0.5828719139099121,-0.9067161679267883,4.661081790924072,0.3109305500984192,-0.18329310417175293,-4.704188346862793,2.8299779891967773,0.1910589188337326,-0.53767991065979,-2.0530343055725098,3.7908740043640137,-0.15168410539627075,-0.33380126953125,6.6151628494262695,4.299767971038818,0.15373380482196808,-0.5124084949493408,-7.184704780578613,2.9020438194274902,-0.21369017660617828,-0.3394618034362793,269.04541015625,193.32427978515625,176.645751953125,882.7575073242188,706.1117553710938,23.363636016845703,0.08683900535106659,0.06498799473047256,0.0821283757686615,0.10689171403646469,13.793745040893555,683.5337046030405,342.0849998623033,AH_545713222-DA13DC3A-F24B-454E-984F-19DF19328D39.wav,parkinsons
0.1535869538784027,0.08179408482142857,1134.5204904105365,804.9133702831407,1889.0771484375,-303.0379333496094,91.88018798828125,-0.329318106174469,-1.026113510131836,164.2012481689453,50.6024055480957,-0.5198190212249756,-1.0188994407653809,-61.403892517089844,35.92660903930664,-0.10665317624807358,-1.0457206964492798,-20.165727615356445,11.256821632385254,0.3898015022277832,-1.0289686918258667,-6.866226673126221,13.629526138305664,-0.1470756232738495,-1.2613568305969238,-29.680936813354492,7.85468053817749,-0.05665357783436775,0.0039632320404052734,20.811750411987305,5.821195602416992,0.18198993802070618,-0.6408188343048096,5.938133239746094,5.466697692871094,-0.2469664067029953,1.5581164360046387,-24.616193771362305,7.573768615722656,0.3545399308204651,0.3384213447570801,12.762109756469727,6.318734169006348,0.7065683007240295,0.5558469295501709,3.2194104194641113,5.032267093658447,0.43106257915496826,1.4796018600463867,-21.21245765686035,4.373973846435547,0.5219665765762329,0.2940208911895752,3.792168378829956,4.956265449523926,0.35639047622680664,-0.06829309463500977,-3.0904953479766846,3.7092292308807373,-0.5617919564247131,0.4278700351715088,-18.88212013244629,3.8951005935668945,0.6118715405464172,1.6922316551208496,-0.08831534534692764,3.322180986404419,0.7340551018714905,0.5868339538574219,-4.676327705383301,4.01572847366333,-0.23208658397197723,-0.04997134208679199,-16.503332138061523,4.894917011260986,-0.3873481750488281,-0.26296353340148926,-5.28007698059082,3.3026647567749023,-0.22744344174861908,-0.19713544845581055,-4.799719333648682,4.553370475769043,-0.10725917667150497,-0.07526493072509766,755.0542602539062,270.4382019042969,198.12330627441406,1043.5423583984375,845.4190673828125,101.12138366699219,0.13392598927021027,0.1250332146883011,0.0994405597448349,0.15559926629066467,6.968349456787109,1147.695357711227,844.463414587758,AH_545713223-E6D59EE5-4C3F-4B40-AE8F-0657EF94DB66.wav,parkinsons
0.20180147886276245,0.06430121527777778,1002.6330712516394,771.6674654542268,1733.662109375,-210.5243682861328,62.43387222290039,-0.8867435455322266,0.041428565979003906,217.6212615966797,29.74492073059082,-1.0709197521209717,-0.05599093437194824,-66.08416748046875,22.763240814208984,0.6579052209854126,-0.8864245414733887,-8.854278564453125,6.999265193939209,-0.004142693243920803,-0.830070972442627,7.305596351623535,8.59683609008789,-1.011830449104309,2.2096962928771973,-49.905418395996094,11.595026969909668,0.41105297207832336,-1.0629931688308716,1.529890775680542,7.660477161407471,-1.1602720022201538,2.1291451454162598,6.908876419067383,7.122686386108398,-0.44755789637565613,-0.2442491054534912,-37.68516540527344,6.707938194274902,-0.08614403009414673,-0.8204119205474854,-7.800185680389404,7.060685157775879,-0.1269083172082901,-0.15427184104919434,11.210891723632812,4.918789863586426,0.1757039576768875,-0.1929323673248291,3.566215753555298,5.321234226226807,-0.032585594803094864,-0.8558661937713623,17.20374298095703,4.946551322937012,-1.2349143028259277,1.7441673278808594,2.574028491973877,3.58021879196167,-0.15646471083164215,-0.18593358993530273,-16.691057205200195,4.65241813659668,0.8854231834411621,-0.019852876663208008,-8.804360389709473,3.9018514156341553,-0.401604562997818,-0.10068011283874512,-14.247532844543457,3.493830919265747,0.026893367990851402,-0.22943615913391113,-11.113518714904785,4.169694900512695,0.8736911416053772,1.474606990814209,4.980992794036865,5.135367393493652,-0.49770689010620117,0.10907816886901855,-5.425759315490723,3.1150362491607666,0.41980430483818054,0.41407036781311035,613.8504028320312,92.43978881835938,518.4479370117188,1157.03662109375,638.5886840820312,31.4306583404541,0.05120247229933739,0.05374410003423691,0.10932592302560806,0.09858296066522598,12.334598541259766,740.3953137258106,461.2807126977881,AH_545713224-1B3708B0-8792-4FEE-B03B-C7CB9CB03D58.wav,parkinsons
0.2780933380126953,0.05213246855345912,872.3614478739079,766.8673594476284,1335.7357385023586,-172.13523864746094,14.935428619384766,0.16417376697063446,2.0528950691223145,249.52749633789062,9.166301727294922,-2.858720064163208,17.07047462463379,-61.74495315551758,11.668915748596191,-0.6770291924476624,2.3799705505371094,-2.3132715225219727,8.596389770507812,-0.19160836935043335,5.505495071411133,0.8041726350784302,8.093404769897461,-0.12244612723588943,4.198833465576172,-41.59715270996094,6.878549575805664,0.058797817677259445,3.165699005126953,37.92630386352539,7.0582146644592285,-0.5006038546562195,-0.37608814239501953,23.22494888305664,7.094291687011719,-0.4459613859653473,-0.282198429107666,-33.9676399230957,4.974153518676758,0.3638969361782074,-0.20341014862060547,1.663658618927002,5.1635026931762695,0.6719123125076294,1.2342686653137207,2.141178846359253,5.036762714385986,0.004830388352274895,0.6029417514801025,-12.476064682006836,5.020321369171143,0.13942165672779083,-0.4343831539154053,8.805548667907715,4.334014415740967,1.0303876399993896,1.8049707412719727,-6.472540855407715,4.449779987335205,0.6024268269538879,2.0765304565429688,-13.461533546447754,3.260227918624878,-0.14645281434059143,0.3824164867401123,0.03171534463763237,3.7551236152648926,-0.011908347718417645,-0.7497053146362305,-13.353835105895996,3.8316943645477295,1.0207301378250122,3.7798023223876953,-5.412149906158447,3.894341468811035,-0.49375513195991516,2.0135746002197266,3.3102047443389893,3.8335952758789062,0.42094334959983826,-0.22518444061279297,-15.480066299438477,3.8584835529327393,0.20165857672691345,-0.6341140270233154,330.478759765625,194.9778594970703,248.88885498046875,1171.104248046875,922.2153930664062,42.514102935791016,0.1286439746618271,0.11972132325172424,0.13202787935733795,0.07963413745164871,11.835981369018555,768.0274757179054,422.23261965778937,AH_545743929-E2EAE1A3-7E46-4DCF-8DB7-37A5CA47DB9D.wav,parkinsons
0.2346539944410324,0.0958934719279661,1158.818085230269,660.1820546034548,1570.8289194915253,-214.7113800048828,29.955949783325195,0.7516903877258301,0.10978412628173828,189.41793823242188,18.052276611328125,1.205700397491455,2.267429828643799,-93.83264923095703,13.600640296936035,-0.46320226788520813,0.9677350521087646,-37.03467559814453,8.659018516540527,0.8845193386077881,0.43754148483276367,-5.945276260375977,9.554332733154297,1.1779818534851074,0.7786219120025635,-36.9809684753418,7.327181816101074,-0.07128706574440002,3.019178867340088,18.89552879333496,5.5114827156066895,-0.3524231016635895,0.4151313304901123,10.840859413146973,4.28218936920166,0.2722915709018707,0.16002416610717773,-30.383577346801758,4.484957218170166,0.28397586941719055,0.3194599151611328,3.6521639823913574,7.141323566436768,0.8716545104980469,1.004868984222412,6.4141926765441895,5.044341564178467,0.3818091154098511,-0.10680341720581055,-13.09201717376709,4.073325157165527,0.7404372096061707,1.9371514320373535,3.786550283432007,3.9798786640167236,-0.08987835794687271,-0.3482990264892578,-5.544081687927246,4.5911455154418945,0.1022353321313858,0.3271496295928955,-16.9856014251709,3.849536418914795,0.4028245806694031,0.7216453552246094,2.5574069023132324,4.332633018493652,-0.46164220571517944,2.4155545234680176,3.7430779933929443,3.3446977138519287,-0.7332594990730286,1.1811938285827637,-4.120627403259277,2.7515671253204346,-0.2993490993976593,-0.17513203620910645,-6.36878776550293,4.306881904602051,0.49918410181999207,0.3611593246459961,-11.341970443725586,3.7176034450531006,0.1571391224861145,-0.06355476379394531,912.7817993164062,145.30404663085938,681.4323120117188,1346.462890625,665.0305786132812,49.1091423034668,0.05380162224173546,0.048096057027578354,0.12703147530555725,0.11116496473550797,13.070699691772461,945.660620517418,547.7441898318567,AH_545753013-FCFF8F46-08FF-4C87-B443-D2039E5DA945.wav,parkinsons
0.19234898686408997,0.06880724676724138,1056.6461957613774,702.9906755620397,1661.5465045797414,-215.8430633544922,22.020526885986328,1.0662627220153809,3.3799519538879395,206.3270721435547,17.765737533569336,0.1514507681131363,3.544421672821045,-85.10986328125,16.20610237121582,-0.4645400047302246,0.46186041831970215,-23.246444702148438,10.582801818847656,0.2239895612001419,0.1453695297241211,15.565601348876953,11.83116626739502,1.3172862529754639,0.7472884654998779,-29.6024112701416,5.760556697845459,0.02621438354253769,-0.48027515411376953,8.716225624084473,7.179702281951904,-1.631864070892334,2.6516823768615723,7.184521675109863,5.18179988861084,0.4803101718425751,1.5921998023986816,-23.269052505493164,5.403099060058594,0.9668360352516174,1.3644647598266602,5.742286205291748,5.161409854888916,0.7740843892097473,3.1061196327209473,2.489600658416748,4.979910373687744,0.8057541251182556,0.9817180633544922,-19.278356552124023,6.00728178024292,-0.02669529989361763,-1.0537608861923218,-3.9900095462799072,5.018227577209473,1.4500237703323364,4.638730525970459,-4.785337924957275,5.48051643371582,0.5324259400367737,0.14540648460388184,-10.011181831359863,3.2083494663238525,-0.4392378032207489,1.5427942276000977,-3.816906213760376,5.1376800537109375,0.132004976272583,-0.43798208236694336,-12.915515899658203,4.804010391235352,0.5925020575523376,-0.2684810161590576,-11.455753326416016,4.181952953338623,0.7789912819862366,0.3537943363189697,-5.144888401031494,4.498292922973633,0.046175435185432434,1.2019333839416504,-9.926421165466309,3.3258557319641113,-0.07433357834815979,-0.6155436038970947,612.07568359375,480.5660095214844,192.11561584472656,1873.0333251953125,1680.917724609375,159.535400390625,0.2606465220451355,0.24639111757278442,0.09266234934329987,0.09002037346363068,11.555481910705566,1091.8011710367489,658.0921334749543,AH_545753014-C68926CC-AB91-49AF-90A6-BB5C434283DB.wav,parkinsons
0.24125725030899048,0.06937725360576923,1166.3036482259834,924.1357698387059,2145.038311298077,-187.1561279296875,35.78465270996094,0.08502597361803055,-0.8489928245544434,208.47113037109375,19.021236419677734,0.1489781141281128,-0.8399100303649902,-84.66710662841797,12.67479133605957,-0.8682358860969543,0.8799145221710205,1.6906428337097168,15.764084815979004,-0.23503442108631134,-0.8423209190368652,5.513372421264648,10.940383911132812,0.06425828486680984,-1.0363788604736328,-47.56905746459961,5.630606174468994,0.09648454189300537,-0.5471153259277344,18.53326988220215,5.463527202606201,0.06522142142057419,0.3217892646789551,1.5468899011611938,6.69046688079834,-0.14548976719379425,-0.43288588523864746,-30.00123405456543,7.801880836486816,0.6451326012611389,-0.2881944179534912,16.271190643310547,6.663248538970947,0.10988377779722214,-0.6520035266876221,5.487715721130371,5.9271745681762695,-0.2971123456954956,-0.2907867431640625,-4.990478515625,4.298645973205566,-0.2548072636127472,0.20772957801818848,10.289785385131836,7.301600456237793,0.15479342639446259,-0.14607858657836914,-19.190073013305664,4.006561279296875,0.0815187320113182,-0.30316591262817383,-11.379548072814941,5.102973461151123,-0.13454283773899078,-0.6621344089508057,7.4177703857421875,4.50931453704834,-0.07370021194219589,-0.5684199333190918,-19.225860595703125,7.739268779754639,0.1347309947013855,-0.780480146408081,-2.56130313873291,6.288671970367432,-0.02047547698020935,-0.4224734306335449,9.858184814453125,3.3540990352630615,-0.04289010167121887,0.13544321060180664,-22.574087142944336,3.58689284324646,0.3182973861694336,-0.10264372825622559,671.1713256835938,174.52862548828125,198.0423583984375,1279.122802734375,1081.0804443359375,44.975189208984375,0.06701000034809113,0.058045461773872375,0.17794255912303925,0.1369694620370865,15.649988174438477,1004.5278695913462,684.6036988215528,AH_545753015-58CAA743-BA9A-47E0-B9EF-CC35E9EFB839.wav,parkinsons
0.24068234860897064,0.08550023320895522,1128.1011964734319,654.2747399169166,1512.7878673041046,-225.4995880126953,45.32147216796875,-1.312524437904358,1.2924613952636719,210.05938720703125,34.682212829589844,-1.353211522102356,0.9218547344207764,-88.29774475097656,11.480546951293945,0.09147704392671585,0.025151968002319336,-32.8098258972168,17.887699127197266,2.5179429054260254,9.626335144042969,-10.588241577148438,11.987614631652832,0.8995369076728821,0.9915423393249512,-41.27709197998047,12.381585121154785,1.16166090965271,1.300675868988037,21.690357208251953,10.4630708694458,1.1295217275619507,0.846843957901001,10.737346649169922,6.39332914352417,0.49962911009788513,0.5317063331604004,-27.22484588623047,6.243319988250732,-1.7435091733932495,5.802725791931152,4.758157730102539,6.7909722328186035,-0.410506010055542,3.3255820274353027,-1.8426836729049683,5.523971080780029,0.4593889117240906,2.4616646766662598,-8.561732292175293,5.668267726898193,-1.317361831665039,2.4842820167541504,13.136638641357422,3.777644395828247,-0.3781904876232147,1.2454915046691895,-14.365776062011719,8.414493560791016,1.4930554628372192,1.5301008224487305,-22.30388641357422,6.40665340423584,1.316602349281311,1.2765769958496094,2.056959390640259,4.00034761428833,-0.08840220421552658,-0.1375281810760498,-12.44662094116211,4.9214582443237305,1.869251012802124,3.1664247512817383,-8.07291030883789,3.8765478134155273,0.32369279861450195,-0.2839963436126709,13.699398040771484,4.658266544342041,-0.9378892779350281,1.1781816482543945,-2.7708561420440674,3.81889009475708,0.1070108711719513,0.5446152687072754,890.3106079101562,419.06451416015625,398.5128479003906,3182.693359375,2784.180419921875,43.37786102294922,0.04872216656804085,0.04400530830025673,0.10049904882907867,0.08782132714986801,8.849822998046875,1324.7109880118535,919.9172747137,AH_545789668-A4F6069C-5E1A-49F5-9EDC-59C6EB833E42.wav,parkinsons
0.2411491870880127,0.07220280519005848,833.4351668980661,577.811913905894,1134.3338815789473,-216.86553955078125,36.03340530395508,0.34387993812561035,-0.5499341487884521,209.9523468017578,16.701322555541992,0.34808143973350525,-0.003313779830932617,-34.49910354614258,20.188573837280273,-0.48547232151031494,-0.6313583850860596,-22.862655639648438,9.975353240966797,0.7896860837936401,2.560150146484375,-19.45985221862793,10.987936019897461,0.20649562776088715,-0.17872834205627441,-37.404335021972656,6.242402076721191,0.5268494486808777,1.1676931381225586,19.173274993896484,4.903372764587402,-0.5942780375480652,1.5560345649719238,14.757364273071289,5.671227931976318,-1.9413529634475708,8.048224449157715,-18.92729377746582,6.034937858581543,-0.2686149477958679,-0.6409912109375,-0.0013482277281582355,5.200772285461426,-1.1440138816833496,4.76328706741333,-7.608999729156494,4.514388561248779,0.6008073687553406,1.1428132057189941,-17.108409881591797,5.160270690917969,0.7262343764305115,0.18811273574829102,3.431295156478882,5.2517595291137695,0.6412634253501892,0.38922762870788574,-9.113163948059082,4.82480525970459,0.17873644828796387,-0.5976207256317139,-19.999895095825195,3.734891176223755,0.19735917448997498,-0.02908182144165039,-4.838062763214111,3.978536605834961,-0.17257460951805115,0.6055474281311035,-7.282479286193848,3.907494068145752,0.7161169648170471,1.2955446243286133,-3.9602150917053223,3.105412721633911,-0.36072590947151184,0.7903957366943359,5.257165908813477,3.5226829051971436,0.3128221333026886,1.0201997756958008,-6.397312641143799,3.610710620880127,0.6625171303749084,1.5372233390808105,753.7274169921875,229.2349090576172,172.63717651367188,1111.5777587890625,938.9405517578125,62.83329391479492,0.08336342126131058,0.07462470978498459,0.12928928434848785,0.11429788917303085,9.405595779418945,706.5897088301809,349.8704273698836,AH_545789670-C297FD53-BF71-4183-86A0-58E5E1EB0DF8.wav,parkinsons
0.34283316135406494,0.0810956506921141,986.0073893606689,597.6244190979012,1348.9323353607383,-204.62579345703125,29.64447021484375,0.491372674703598,0.1670515537261963,190.6598358154297,16.345312118530273,0.3667421340942383,0.978032112121582,-67.47425842285156,11.187078475952148,-0.4746544659137726,0.4808011054992676,-31.31294822692871,6.73753023147583,0.12073574960231781,0.8068795204162598,-15.809757232666016,5.951355934143066,0.4187428653240204,1.1109108924865723,-39.20964813232422,5.749885559082031,-0.08717257529497147,0.6136667728424072,18.032209396362305,4.229847431182861,0.4371778666973114,0.36553049087524414,12.236360549926758,4.674804210662842,0.5437883138656616,0.02541041374206543,-18.968338012695312,4.324023246765137,-0.6360999941825867,1.0229997634887695,11.72667407989502,6.610085964202881,-0.11692184954881668,-0.26268601417541504,5.544015884399414,3.9234676361083984,0.1914670467376709,1.6397356986999512,-16.07677459716797,2.93057918548584,0.26869550347328186,0.06488490104675293,-5.424834251403809,6.20075798034668,0.582633912563324,0.045583248138427734,-13.399319648742676,4.219354152679443,0.2118130773305893,-0.242156982421875,-10.669610977172852,3.7555510997772217,0.3178781270980835,0.6840090751647949,5.943245887756348,5.027057647705078,-0.009524151682853699,0.9226071834564209,-6.671487331390381,3.9024410247802734,-0.17127686738967896,0.6595568656921387,-10.2838773727417,3.710972309112549,0.40295282006263733,0.20635652542114258,-6.409285545349121,4.252597808837891,0.3151927590370178,-0.21009397506713867,-15.465948104858398,3.1713945865631104,0.25140076875686646,-0.1268312931060791,898.9486083984375,28.096920013427734,702.3338012695312,955.5751953125,253.24139404296875,9.153223991394043,0.010182144120335579,0.008127154782414436,0.13323891162872314,0.1001727357506752,19.252626419067383,785.1390697337963,410.7048996494186,AH_545789671-794D2256-DDFF-4009-8BA8-8A306C8FA14F.wav,parkinsons
0.3585144579410553,0.04067288912259615,862.2820686694148,823.9876208525505,1513.6392446664663,-185.1831817626953,19.90789031982422,-0.2691366970539093,0.16298842430114746,197.30690002441406,13.890840530395508,-0.25557735562324524,0.9467365741729736,-50.988609313964844,8.608199119567871,0.32900306582450867,1.8244528770446777,5.921337604522705,7.158526420593262,0.0004160217067692429,-0.38957667350769043,10.906404495239258,7.097649097442627,-0.22782771289348602,-0.3621680736541748,-37.33796691894531,7.4086527824401855,-0.12512058019638062,1.3935503959655762,11.631685256958008,6.248617649078369,-0.5029079914093018,-0.3393895626068115,-2.012565851211548,5.007472991943359,0.07673470675945282,-0.3068661689758301,-36.67449951171875,4.092175483703613,0.6870623826980591,1.387375831604004,8.12873649597168,4.0244550704956055,-0.05137147754430771,-0.15600347518920898,3.332119941711426,4.776432514190674,-1.0794708728790283,1.9885797500610352,-30.0460205078125,4.1952738761901855,-0.08414562046527863,-0.01802682876586914,-12.411252975463867,5.145464897155762,0.9924075603485107,0.5566847324371338,-13.191901206970215,4.644394397735596,0.33799728751182556,-0.31723880767822266,-17.512693405151367,3.195141553878784,0.09452060610055923,0.6123614311218262,4.04388952255249,3.536777973175049,0.19864481687545776,-0.5858111381530762,-1.8999733924865723,3.717031955718994,0.020179342478513718,0.17318129539489746,-13.319417953491211,3.259320020675659,0.0879037007689476,-0.18558907508850098,-7.17987585067749,3.683781623840332,-0.23927873373031616,-0.09810733795166016,-9.588716506958008,3.2828710079193115,-0.15487682819366455,-0.46889519691467285,296.6695251464844,97.37355041503906,268.6901550292969,871.7767333984375,603.0865478515625,12.96284008026123,0.043694544583559036,0.049718961119651794,0.08862637728452682,0.06595861911773682,21.614110946655273,738.240382982337,430.0569099531089,AH_545789674-53885025-35F1-48C1-9826-BAAEB8BEAF58.wav,parkinsons
0.13437458872795105,0.07591236888111888,1090.027873243974,793.0786916382516,1902.7521306818182,-270.77203369140625,63.85686492919922,-1.0078542232513428,0.9487433433532715,202.62738037109375,33.4708366394043,-1.1469670534133911,0.975271463394165,-76.38674926757812,20.321693420410156,0.5064297318458557,0.13622069358825684,-11.989346504211426,9.131550788879395,0.5752851963043213,-0.4626200199127197,-3.6963770389556885,6.367244243621826,-0.058542873710393906,-0.8954727649688721,-54.487159729003906,14.472197532653809,0.12492069602012634,-0.0920867919921875,18.99506950378418,4.913238525390625,-0.21024246513843536,-0.20967817306518555,27.451753616333008,5.369886875152588,-1.0926322937011719,7.243186950683594,-24.947498321533203,6.769383430480957,0.6472834348678589,-0.06882524490356445,-5.43539571762085,5.467573165893555,0.4673037827014923,1.0387754440307617,-0.48660799860954285,3.6306934356689453,-0.505836009979248,-0.4755997657775879,-11.735177040100098,8.287827491760254,-0.40402063727378845,-0.6041924953460693,-0.2748664617538452,3.7788548469543457,-0.014443257823586464,-0.19754791259765625,-15.84649658203125,6.0402140617370605,0.5872101783752441,-0.5134725570678711,-15.799753189086914,5.23207426071167,0.5998413562774658,0.11603927612304688,3.319352865219116,3.9011447429656982,-0.6555685997009277,-0.1390843391418457,-14.53071403503418,3.599795341491699,0.1737392395734787,-0.44388914108276367,-12.404101371765137,6.386717796325684,0.9577783346176147,0.4082179069519043,10.96681022644043,2.3575658798217773,-0.17061151564121246,1.144211769104004,-3.4735500812530518,5.810351848602295,-0.698705792427063,0.12054705619812012,778.1795654296875,213.11607360839844,290.6527099609375,1218.126220703125,927.4735107421875,55.86488723754883,0.0717891976237297,0.06162522733211517,0.05579136312007904,0.08234439790248871,12.462865829467773,1040.0801089098074,720.9865596342713,AH_545789675-243F18DB-4432-4C87-B12C-6EEC2D2D30D6.wav,parkinsons
0.21926836669445038,0.08416836503623189,1023.2863987407196,618.6024640204032,1364.705757472826,-243.53472900390625,45.24527359008789,1.2842755317687988,1.0229668617248535,193.9870147705078,25.232587814331055,1.2096679210662842,0.6323652267456055,-74.2093505859375,16.310718536376953,-2.4757251739501953,7.261495590209961,-30.886789321899414,3.915601968765259,-0.24462276697158813,0.1177513599395752,-9.314831733703613,5.535249710083008,1.5110737085342407,3.2812910079956055,-31.485082626342773,6.7453508377075195,-0.9522347450256348,1.5881242752075195,26.447650909423828,5.1504106521606445,-0.009323157370090485,0.09536385536193848,9.94157600402832,5.206470966339111,0.25809451937675476,-0.14046645164489746,-35.67398452758789,6.48262882232666,-0.3999215066432953,0.38295507431030273,-2.6120827198028564,5.044070243835449,0.30521735548973083,0.060750722885131836,2.630354404449463,4.276129245758057,-0.8279075026512146,0.9971745014190674,-12.879399299621582,6.117709636688232,-1.1608070135116577,1.80977201461792,1.3574377298355103,3.3410348892211914,0.17615343630313873,-0.4944133758544922,-9.309747695922852,3.9769375324249268,0.732463002204895,2.9938206672668457,-16.960384368896484,3.942035436630249,1.313341498374939,4.226433277130127,-1.4041961431503296,4.202101707458496,0.36243003606796265,-0.2128157615661621,-5.5197014808654785,3.513498544692993,-0.7293741703033447,0.7127227783203125,-8.126908302307129,2.955487012863159,-0.4704929292201996,-0.27730536460876465,-6.749474048614502,4.3159990310668945,0.21179869771003723,-0.8695807456970215,-13.11744213104248,2.634186267852783,0.14830990135669708,0.2667391300201416,1024.94482421875,270.6955871582031,191.61798095703125,1393.2078857421875,1201.58984375,81.11162567138672,0.07913755625486374,0.05872751772403717,0.13651549816131592,0.13228484988212585,7.324579238891602,930.0506979497504,519.0541609213789,AH_545789677-D381D801-B073-4945-BE0D-E250126EA6B1.wav,parkinsons
0.2881539762020111,0.10721929022606383,1267.9392650702162,912.758493295405,2290.5372132646276,-187.737548828125,16.833297729492188,2.797553300857544,12.783402442932129,198.3052215576172,11.053014755249023,0.28416937589645386,11.312475204467773,-89.21762084960938,12.15494155883789,2.4303181171417236,9.072120666503906,-17.062965393066406,10.495760917663574,-0.6222356557846069,-0.025313377380371094,-12.56844425201416,9.213960647583008,-0.31801027059555054,-0.8787112236022949,-40.78656768798828,6.906281471252441,3.037735939025879,12.550067901611328,31.27165412902832,4.567413330078125,-0.27868837118148804,2.162198066711426,-3.8615145683288574,5.9883904457092285,0.12180294096469879,-1.0423202514648438,-34.418067932128906,5.9324517250061035,1.9335906505584717,8.574623107910156,25.463014602661133,6.533668518066406,-0.7795354723930359,0.21540117263793945,0.1106482595205307,2.962545156478882,0.0679996907711029,-0.7459883689880371,-20.877769470214844,5.227045059204102,0.5407876968383789,-0.2592957019805908,12.263066291809082,5.970798015594482,-0.8746397495269775,0.7502212524414062,-20.25841522216797,4.6088457107543945,0.10406568646430969,0.5081303119659424,-22.28307342529297,6.150189399719238,1.2204097509384155,2.2293262481689453,19.789247512817383,2.890047788619995,-0.06020940840244293,-0.027816057205200195,-5.804493427276611,3.721574306488037,0.49876660108566284,0.20466351509094238,-16.218887329101562,4.66804313659668,0.4335750937461853,-0.7240934371948242,3.1843512058258057,3.915179491043091,-1.8185420036315918,6.210409164428711,-15.819403648376465,4.724699974060059,-0.5130734443664551,-0.4017832279205322,799.754638671875,149.8197021484375,214.9504852294922,1356.995849609375,1142.04541015625,52.92129135131836,0.06617190688848495,0.05416254699230194,0.1014457494020462,0.06757304817438126,18.30572509765625,1197.2150362454927,915.5156124508469,AH_545789680-7FF9D4F1-DDCC-4CB6-8668-76530D670FA5.wav,parkinsons
0.26741334795951843,0.0429870035046729,809.1350490629749,653.8913482673323,1290.1809834988317,-210.45965576171875,21.697044372558594,2.2299916744232178,10.94179916381836,216.43666076660156,11.986827850341797,-2.3679614067077637,10.663066864013672,-54.91386032104492,8.456265449523926,3.1193902492523193,16.986600875854492,-20.397619247436523,7.264122009277344,0.07007338106632233,-0.5913333892822266,3.0677661895751953,6.494013786315918,-1.939294457435608,9.005816459655762,-20.309078216552734,5.204663276672363,1.1415108442306519,2.800750732421875,21.44991683959961,3.6953349113464355,-0.5008912086486816,0.24463725090026855,3.6276462078094482,3.5563485622406006,-0.13796909153461456,-0.10105562210083008,-27.075719833374023,4.788300037384033,1.1735363006591797,2.5522146224975586,3.838042736053467,3.2172579765319824,-0.015006590634584427,0.6086912155151367,-5.134369373321533,2.910278081893921,-0.5168245434761047,-0.04325151443481445,-19.65597152709961,4.193289279937744,0.8816549181938171,1.4622726440429688,1.2341673374176025,3.650829315185547,-0.3532789647579193,-0.36908769607543945,-12.21762466430664,2.9977424144744873,-0.23701006174087524,-0.050762176513671875,-19.14657974243164,3.9071812629699707,0.8649441599845886,3.446214199066162,2.5162453651428223,3.600355863571167,0.2178899198770523,-0.10210943222045898,-4.199014186859131,3.615762233734131,0.22827836871147156,-0.4492950439453125,-10.401921272277832,3.2050209045410156,0.22757162153720856,-0.4916646480560303,-5.387064456939697,2.7407541275024414,0.4927639961242676,-0.41142845153808594,-13.60566520690918,3.499391555786133,-0.3005496561527252,-0.32468748092651367,230.3497314453125,187.94564819335938,172.4290771484375,901.0549926757812,728.6259155273438,20.79164695739746,0.09026121348142624,0.08550892025232315,0.07317843288183212,0.05999886989593506,24.950729370117188,793.49853515625,405.60207930980056,AH_545789682-7554E0C7-4E25-49C3-9E6C-04D525455E28.wav,parkinsons
0.14091353118419647,0.04705023682491289,832.292515025731,787.0453532703492,1405.7730325838415,-240.94308471679688,45.902191162109375,-0.3705224394798279,1.7420172691345215,191.3622283935547,25.560585021972656,-0.11875701695680618,1.6031765937805176,-30.88055992126465,14.872685432434082,0.4513881504535675,1.2484488487243652,3.1237945556640625,7.306024074554443,1.2781610488891602,2.944300651550293,6.650936126708984,6.013452053070068,0.8051844239234924,1.672861099243164,-33.78572463989258,10.175237655639648,-0.7506407499313354,2.2894115447998047,10.744349479675293,6.241025447845459,-0.9565417170524597,0.8336963653564453,15.092242240905762,5.590916156768799,0.3494044542312622,0.0010099411010742188,-17.269023895263672,4.5669121742248535,0.07880176603794098,0.7183737754821777,-4.504019260406494,4.694645404815674,-0.11036151647567749,0.477780818939209,-1.7947049140930176,3.961232900619507,0.3941374719142914,-0.04509925842285156,-3.609813928604126,3.6459033489227295,-0.1568051427602768,0.7884008884429932,3.4361672401428223,4.05610466003418,-0.5885396599769592,0.7098369598388672,-12.839190483093262,3.1938059329986572,-0.11445943266153336,0.17444372177124023,-13.900084495544434,3.671722650527954,-0.314967542886734,0.43947505950927734,-5.084031105041504,3.6179192066192627,0.1322760283946991,0.10462212562561035,-15.023858070373535,3.4262285232543945,0.014604371972382069,0.2513606548309326,-1.3607020378112793,2.9608097076416016,-0.20118531584739685,0.23579812049865723,12.406903266906738,3.344383716583252,-0.19193454086780548,0.6135671138763428,-5.008978843688965,2.830461025238037,-0.012420954182744026,-0.23933005332946777,203.30831909179688,96.49837493896484,176.22608947753906,771.0017700195312,594.7756958007812,6.876152515411377,0.03382130339741707,0.03559305518865585,0.045871518552303314,0.07287579774856567,11.651612281799316,655.0370203891647,345.2408526874995,AH_545789690-DA26461A-AF40-4A43-9662-3A93EE872359.wav,parkinsons
0.28416815400123596,0.08119921875,1160.2415300654993,731.5450976955101,1739.1076171875,-198.48118591308594,10.672680854797363,0.722267746925354,0.8075010776519775,203.12525939941406,9.00539493560791,0.18972840905189514,0.28429198265075684,-108.55146026611328,9.056318283081055,1.7203437089920044,9.969574928283691,-24.524524688720703,6.490856170654297,-0.5755751729011536,-0.5792069435119629,3.9804952144622803,3.980546474456787,-0.2845275402069092,1.3195042610168457,-44.70798873901367,7.529877185821533,1.887251853942871,5.775435447692871,18.248104095458984,5.01015043258667,0.2938014566898346,-0.7341792583465576,9.715641021728516,3.1021034717559814,0.008876059204339981,-0.3740108013153076,-28.84891128540039,6.186708450317383,0.622216522693634,2.1284523010253906,14.628012657165527,3.8808255195617676,-0.6222728490829468,0.02599048614501953,1.9863216876983643,3.829108715057373,-0.15368907153606415,-0.542675256729126,-26.076995849609375,5.02069616317749,0.7630667686462402,1.7047057151794434,5.825407981872559,4.64889669418335,-0.04364492744207382,-0.576911449432373,-2.4178380966186523,5.210597515106201,-0.1418863832950592,-1.0132362842559814,-19.69437026977539,4.026228427886963,0.8397983908653259,1.096794605255127,-0.02831379882991314,4.7576704025268555,0.11624941229820251,-0.789186954498291,-4.276722431182861,2.4324543476104736,-0.2212185263633728,-0.029004573822021484,-6.292934894561768,2.7067294120788574,-0.5746777653694153,1.4556827545166016,5.081579208374023,5.176117897033691,-0.2049190104007721,-0.7999954223632812,-6.853461742401123,2.8609280586242676,0.0003579688782338053,-0.2773780822753906,809.3123779296875,51.52738571166992,786.6577758789062,1023.8886108398438,237.2308349609375,7.1429009437561035,0.008825888857245445,0.009245321154594421,0.0794980600476265,0.0576525516808033,24.35732078552246,1002.5096862296748,550.8762994437853,AH_545806325-8A17002B-CFD3-4DCF-8854-04F0F2BFF21B.wav,parkinsons
0.2378925383090973,0.03940902217741935,809.3320821570608,871.3356543391044,1653.0206495715727,-236.18357849121094,54.79879379272461,-1.3030635118484497,1.7823872566223145,174.19607543945312,34.58991241455078,-0.7118173837661743,0.4977409839630127,-26.483118057250977,19.559165954589844,0.3606759309768677,-0.7727372646331787,32.18183517456055,12.319952964782715,0.20781120657920837,-0.5289812088012695,24.495878219604492,11.698179244995117,-0.38121795654296875,-0.053534746170043945,-32.716312408447266,11.197976112365723,0.4708157777786255,0.07340741157531738,8.577289581298828,9.950648307800293,0.35472795367240906,0.08449339866638184,-2.1396358013153076,5.653650283813477,-0.3908950090408325,-0.5272974967956543,-38.139122009277344,8.913798332214355,0.9243017435073853,2.365373134613037,-3.0646159648895264,5.989517688751221,-0.36167454719543457,-0.012859582901000977,2.0360703468322754,4.816763401031494,0.3301621973514557,0.05522322654724121,-10.485113143920898,5.200581073760986,0.4482349157333374,-0.034264564514160156,8.471805572509766,4.427871227264404,-0.5466398000717163,0.10285115242004395,-1.8587628602981567,4.486988067626953,-0.4809216558933258,0.9160432815551758,-10.95041275024414,5.001186370849609,0.026833968237042427,-0.1930253505706787,5.367095470428467,4.160930633544922,-0.3893378674983978,0.7212953567504883,-0.9357761144638062,4.173978805541992,-0.1466762125492096,0.7727694511413574,-2.082387685775757,4.3251190185546875,-0.2508900761604309,-0.11440515518188477,4.478694915771484,3.406646490097046,-0.16269977390766144,0.09773421287536621,-11.944855690002441,4.136492729187012,0.24041585624217987,0.025020122528076172,380.884033203125,125.2198257446289,198.75308227539062,1266.773193359375,1068.0201416015625,17.561006546020508,0.04610591381788254,0.044479820877313614,0.11293336749076843,0.13277512788772583,14.426799774169922,620.8299144553073,672.8129212413625,AH_545806326-BD0FE665-1AD5-4F55-8342-0FAB8B15680B.wav,parkinsons
0.13554835319519043,0.08071179336376405,1174.6903278390907,826.3675757053901,2029.0205023261938,-264.9222717285156,77.94168853759766,-0.9829083681106567,0.07723736763000488,184.18284606933594,42.99315643310547,-0.8776714205741882,-0.24834179878234863,-73.86949920654297,25.73870277404785,1.1902440786361694,0.6595621109008789,-18.824127197265625,6.496386528015137,-0.3557957708835602,0.6467735767364502,-10.241433143615723,6.808691024780273,0.2389000803232193,-0.3374292850494385,-43.82712173461914,10.392341613769531,0.685079038143158,-0.13232755661010742,31.124134063720703,6.787098407745361,0.31987977027893066,-0.5987184047698975,28.275592803955078,4.390849590301514,-0.09029641002416611,-0.2571234703063965,-22.810115814208984,10.910738945007324,-0.19375425577163696,-1.1526786088943481,5.699320316314697,4.975000858306885,-0.2747235894203186,-0.4485154151916504,5.160000801086426,9.424818992614746,0.0643763467669487,-0.9786503314971924,-15.13191032409668,5.234402179718018,0.4780498743057251,-0.6233189105987549,10.44253921508789,4.466888904571533,-0.2338763326406479,-0.8032486438751221,7.866026401519775,3.771253824234009,-0.09953051060438156,-0.32082128524780273,-9.827149391174316,5.020549774169922,-0.2551679015159607,-0.6874845027923584,-0.5266862511634827,4.131960391998291,0.3787161707878113,-0.44792675971984863,-1.4878425598144531,4.260233402252197,0.24886290729045868,-0.6313042640686035,-1.8170713186264038,3.6300525665283203,-0.04950233921408653,-0.7829585075378418,3.912186861038208,2.9261255264282227,0.16475604474544525,-0.08651995658874512,-2.285904884338379,3.77064847946167,0.12197396904230118,-0.4968886375427246,1017.726318359375,79.30789184570312,743.2669067382812,1175.71240234375,432.44549560546875,33.028343200683594,0.03245307132601738,0.025513026863336563,0.07032794505357742,0.10681138187646866,10.454122543334961,953.9034861438679,652.6817622582339,AH_545812844-DFBCDA22-CADB-444A-9623-16A39D45E9E7.wav,parkinsons
0.20585817098617554,0.06858451066616766,1073.5418961735181,792.1313715173642,2029.0208645209582,-213.32859802246094,52.318538665771484,-0.9429606199264526,0.3048112392425537,204.14974975585938,27.431882858276367,-1.0206555128097534,0.37076878547668457,-62.84819412231445,17.186689376831055,0.49545392394065857,-0.0874779224395752,-10.482685089111328,6.480177879333496,-0.25955289602279663,0.6277601718902588,-15.19085693359375,6.462441444396973,0.5782473683357239,0.6755614280700684,-72.02058410644531,8.790719985961914,-0.20512725412845612,0.9017503261566162,4.79583215713501,9.47734260559082,-0.07097156345844269,-0.715254545211792,25.492340087890625,5.796553611755371,-0.0035894145257771015,-0.30336856842041016,-21.93406105041504,6.9357123374938965,0.25512537360191345,0.047037363052368164,0.15302427113056183,8.1054048538208,0.5406522750854492,-0.6139736175537109,11.475505828857422,5.073011875152588,-0.2248908430337906,-0.5576224327087402,-5.29035758972168,6.883249759674072,0.4481303095817566,-0.1357436180114746,2.119898557662964,5.462645530700684,-0.16155067086219788,-0.5121710300445557,-6.518734455108643,4.698657512664795,-0.1931113600730896,-0.19002747535705566,-17.894054412841797,6.9928154945373535,0.4151502549648285,-0.5383915901184082,-12.600275993347168,5.171259880065918,0.8413317203521729,1.204482078552246,-13.965024948120117,5.089085102081299,-0.6976321935653687,0.5240073204040527,-2.5630147457122803,3.4017832279205322,-0.05956724286079407,-0.6291606426239014,7.346010208129883,5.808470726013184,0.30804872512817383,0.023159265518188477,-3.3857297897338867,3.711660623550415,0.21044620871543884,-0.2846662998199463,705.3121948242188,17.772300720214844,665.80029296875,784.9713134765625,119.1710205078125,8.406661987304688,0.01191906537860632,0.009127536788582802,0.13197961449623108,0.12516726553440094,9.36954116821289,799.2064903846153,507.842086661876,AH_545812846-0C14B32A-6C50-4B62-BC89-0A815C2DEEFA.wav,parkinsons
0.32198721170425415,0.0810114220727848,1193.7248309002398,791.7613236922543,1855.535193334652,-192.88717651367188,15.949591636657715,3.048948287963867,13.903268814086914,181.85374450683594,9.616836547851562,0.22877813875675201,0.5343239307403564,-102.4463119506836,7.417558193206787,4.214885234832764,24.089223861694336,-25.0222225189209,9.513083457946777,-1.3572027683258057,3.646040439605713,-6.1762213706970215,6.992640495300293,-1.8516052961349487,5.312766075134277,-46.28144836425781,8.221628189086914,1.3247301578521729,3.0386881828308105,14.463052749633789,4.859495639801025,0.1540970802307129,-0.9455509185791016,2.6192946434020996,2.9012084007263184,0.99944669008255,2.287562847137451,-27.97479248046875,4.963282585144043,0.5048218965530396,0.334705114364624,7.131195545196533,6.005746841430664,-1.1103723049163818,0.30525946617126465,-9.78129768371582,3.6720874309539795,0.5522111058235168,2.6672606468200684,-14.735039710998535,4.749725818634033,-0.034286074340343475,-0.7371780872344971,15.758095741271973,3.5204639434814453,-1.2120361328125,2.4042816162109375,-13.684015274047852,3.3375556468963623,0.634705126285553,1.964460849761963,-17.324899673461914,4.471292018890381,0.5127691030502319,1.1304378509521484,14.277634620666504,3.8807637691497803,-0.8062120079994202,-0.010719060897827148,-6.001197338104248,3.8055198192596436,0.4295961260795593,-0.06274724006652832,-6.8866963386535645,3.430511713027954,0.6290949583053589,0.37856197357177734,11.786945343017578,5.7548956871032715,-0.9457761645317078,1.5403499603271484,-9.17094898223877,4.814055442810059,-0.2853580415248871,-0.5112459659576416,901.8555908203125,108.61870574951172,771.252197265625,1244.792724609375,473.54052734375,18.267074584960938,0.020254988223314285,0.01760183461010456,0.09432002902030945,0.06575183570384979,19.103878021240234,971.9381332397461,521.678224151721,AH_545834603-857E007F-1CCF-4249-8160-3A0F3F5AB58D.wav,parkinsons
0.364360511302948,0.0578564453125,875.6698835905914,676.9537858487078,1386.845947265625,-215.1754150390625,59.45606994628906,-1.4500689506530762,1.5962319374084473,199.01156616210938,39.97455978393555,-1.218595266342163,0.7011849880218506,-52.5648078918457,12.754667282104492,0.4092796742916107,2.663656711578369,-10.003205299377441,12.685341835021973,-0.9749911427497864,0.892648458480835,4.777509689331055,5.895221710205078,-0.3931019902229309,-0.24669384956359863,-29.406679153442383,14.440651893615723,1.3134416341781616,0.6175620555877686,10.54277229309082,9.005277633666992,0.9426854848861694,0.18624639511108398,-8.523506164550781,8.303964614868164,0.010155072435736656,0.570070743560791,-36.60920333862305,7.185177326202393,0.888765275478363,2.1840577125549316,7.377208709716797,6.431002140045166,-0.73894202709198,0.21078944206237793,5.629996299743652,5.7109599113464355,-1.1729943752288818,2.263364315032959,-17.877429962158203,5.315014362335205,-0.051383938640356064,0.3392298221588135,-3.6757094860076904,3.912196636199951,-0.5318976044654846,0.9672086238861084,-10.889043807983398,4.869017601013184,0.5865482091903687,-0.3537578582763672,-13.771641731262207,5.360745906829834,1.3677279949188232,2.15101957321167,1.3761723041534424,5.067415237426758,0.3684510588645935,-0.08229494094848633,-10.090056419372559,6.80023193359375,0.5605306029319763,-0.6258838176727295,-10.834482192993164,3.5018093585968018,-0.09708237648010254,-0.2903890609741211,1.9650061130523682,4.5030198097229,-0.5128945708274841,-0.043111562728881836,-6.467568874359131,3.847261905670166,-0.25639528036117554,0.8674752712249756,658.0379028320312,337.6571960449219,212.2272186279297,1399.8516845703125,1187.62451171875,98.60208892822266,0.14984256029129028,0.1408032923936844,0.11679930984973907,0.08527016639709473,18.72287940979004,853.0439034224196,472.1386419610651,AH_545841221-6FC57E6E-65B6-4859-A15A-55856D7E75C0.wav,parkinsons
0.14632472395896912,0.07098043189858491,909.7098667520406,628.5579748943386,1285.9994564416274,-263.7926330566406,56.443058013916016,-0.2375575602054596,0.014184236526489258,190.1780548095703,29.585285186767578,-0.687717080116272,-0.03641796112060547,-36.687381744384766,28.11738395690918,-1.05564546585083,0.10075855255126953,-25.99030113220215,8.552462577819824,-0.6134837865829468,0.8025104999542236,-14.54360294342041,10.668296813964844,0.8635081052780151,1.0446038246154785,-30.679243087768555,8.472115516662598,0.03328867256641388,0.8030712604522705,11.951150894165039,9.270687103271484,1.2346324920654297,1.189934253692627,3.882033109664917,6.112967491149902,0.4925680160522461,0.039864301681518555,-27.624746322631836,7.047994613647461,-0.22804856300354004,0.3923053741455078,-4.310464382171631,6.771799087524414,0.38636472821235657,-0.11850309371948242,5.765961170196533,4.7040605545043945,-0.7731144428253174,1.5084123611450195,3.5238823890686035,5.605709075927734,-0.11930491775274277,-0.3904540538787842,9.716595649719238,4.876853942871094,-0.03774138540029526,-0.6746704578399658,-10.86794662475586,3.707864761352539,-0.0984291285276413,-0.7502856254577637,-19.3726806640625,4.321825981140137,0.04555945098400116,-0.882399320602417,-5.510739803314209,3.823028802871704,0.15983529388904572,0.15484905242919922,-9.76875114440918,4.273355007171631,-0.13881917297840118,-0.494978666305542,-6.049857139587402,4.5736799240112305,-0.22537052631378174,0.5169250965118408,2.298276424407959,3.731433153152466,0.16019387543201447,-0.6002628803253174,-10.02523422241211,3.4083597660064697,-0.4516392648220062,-0.4462909698486328,757.1871948242188,193.88841247558594,527.7623291015625,1341.16552734375,813.4031982421875,39.283077239990234,0.05188027024269104,0.04262036457657814,0.0938880667090416,0.14808610081672668,7.276489734649658,780.0119500411184,380.0485852717175,AH_545841222-DE5AEF27-7F4E-45A4-BF7D-9E87E7A786AE.wav,parkinsons
0.09994764626026154,0.09353758386299435,1262.651727444465,943.1055568798461,2469.5055945444915,-291.00091552734375,69.16678619384766,-0.3381657004356384,0.2960972785949707,168.25926208496094,34.724754333496094,-0.7296611666679382,-0.4247016906738281,-63.99767303466797,23.2694149017334,0.2736498713493347,-1.1229171752929688,-14.565194129943848,8.166741371154785,0.2424515187740326,-1.1428401470184326,-9.697309494018555,8.349814414978027,-0.6621739268302917,0.34944963455200195,-30.913162231445312,8.629073143005371,0.42159491777420044,-0.3621711730957031,30.62312889099121,7.5802903175354,-0.5056324601173401,-0.07757830619812012,2.608396053314209,4.37067985534668,-0.45744234323501587,0.3691689968109131,-37.54096221923828,6.824409484863281,0.23570632934570312,-0.46649622917175293,9.953404426574707,5.759582996368408,-0.05634436756372452,-0.47651076316833496,3.327864408493042,5.381021022796631,0.3734515905380249,0.04507875442504883,-18.424400329589844,6.056099891662598,-0.14522162079811096,1.0170440673828125,11.504493713378906,5.936038970947266,-0.5438724160194397,0.02981090545654297,-1.2190124988555908,4.735004901885986,0.7087428569793701,0.036139726638793945,-17.602439880371094,3.993506669998169,0.568301260471344,1.2940425872802734,5.04840087890625,6.8291544914245605,0.08836168050765991,-1.0107449293136597,-4.138223171234131,5.149750232696533,0.2688993513584137,0.28203463554382324,-14.948968887329102,4.44383430480957,-0.3631720244884491,0.2151963710784912,-0.8390743732452393,3.615499258041382,-0.27931568026542664,-0.43964648246765137,-5.259539604187012,4.438568592071533,0.150176003575325,-0.6546323299407959,863.32470703125,218.890869140625,204.7573699951172,1386.7740478515625,1182.0167236328125,45.48981857299805,0.05269143730401993,0.05870313569903374,0.037917669862508774,0.08585570007562637,12.679086685180664,1330.1243265884182,981.160388376116,AH_545841223-24FB0419-5BAE-4F9C-8EBC-CD62DA6590D2.wav,parkinsons
0.12284768372774124,0.07531306521302251,1049.1611533279051,770.9721435788492,1509.401376607717,-289.391845703125,56.46039962768555,0.1052994653582573,0.22435355186462402,154.20840454101562,29.87519073486328,0.2117118090391159,0.3596796989440918,-37.83283996582031,17.665542602539062,-0.09489309042692184,0.5832822322845459,-15.12830924987793,7.954959869384766,1.2499936819076538,2.5891199111938477,-21.164087295532227,6.377532958984375,0.41792863607406616,0.9837198257446289,-43.030582427978516,11.230116844177246,-0.4203592836856842,0.2763535976409912,18.71726417541504,6.426161766052246,1.031629204750061,1.932044506072998,17.194055557250977,6.719754695892334,0.21552245318889618,0.13024306297302246,-24.74164390563965,7.181344032287598,-0.2539248764514923,0.4560732841491699,-2.701009511947632,6.251408576965332,0.8381264805793762,1.6154980659484863,6.257258415222168,3.5383238792419434,-0.1485450267791748,0.1732621192932129,-4.577131271362305,5.439119815826416,-0.1056353971362114,0.5058803558349609,6.412111759185791,5.529144287109375,1.4087677001953125,4.221025466918945,-4.243014335632324,3.6945252418518066,0.11763022094964981,-0.11885428428649902,-19.935081481933594,3.8122434616088867,-0.12369419634342194,-0.15301108360290527,-13.24448013305664,4.721624851226807,0.8232229948043823,0.6889657974243164,-10.104646682739258,4.524569034576416,0.03828856348991394,-0.5080718994140625,-1.1008658409118652,3.302663803100586,-0.05898519605398178,-0.3078885078430176,6.788428783416748,3.5573298931121826,0.3035515248775482,0.5611832141876221,-2.160407543182373,4.005855560302734,-0.7001656293869019,1.0297799110412598,708.67333984375,108.98445129394531,656.5173950195312,1218.54296875,562.0255737304688,22.65923309326172,0.03197415918111801,0.03008442558348179,0.053066685795784,0.12193594872951508,13.834343910217285,760.2165059840426,502.8834172395432,AH_545841226-C699FC9E-1E0C-474D-A12A-936DD92B8980.wav,parkinsons
0.29274237155914307,0.14793442234848486,1511.4096373733325,714.5248200117599,2002.4247602982955,-214.5663604736328,16.69877052307129,-0.1470717489719391,1.7536654472351074,170.99867248535156,6.577121257781982,1.229766845703125,2.8906373977661133,-129.1189422607422,14.074850082397461,2.726754665374756,10.046076774597168,-11.985054016113281,5.2855939865112305,0.4707879424095154,0.05207705497741699,37.213077545166016,5.814620018005371,-0.3673363924026489,-0.4322531223297119,-30.257709503173828,4.671834468841553,1.0078396797180176,1.9473176002502441,4.4246063232421875,3.248885154724121,-0.26690998673439026,0.5218141078948975,2.3952534198760986,5.413914680480957,-0.33026644587516785,1.5073480606079102,-12.800765991210938,2.8080742359161377,0.01414630189538002,-0.4350440502166748,20.27606773376465,4.592432975769043,-1.1937800645828247,1.3257765769958496,-17.045366287231445,2.8477060794830322,-0.1323392391204834,-0.3773536682128906,-35.685386657714844,3.6742477416992188,0.929538369178772,0.06723809242248535,17.979520797729492,4.75369119644165,-2.2371926307678223,7.324761390686035,9.081608772277832,4.307079315185547,-0.5722952485084534,-0.05553269386291504,-17.846065521240234,2.808112144470215,0.0412641242146492,0.41237545013427734,-3.808037042617798,3.893638849258423,-0.4463752210140228,0.9319438934326172,-10.647994995117188,3.412977933883667,0.267913818359375,-0.6688709259033203,-10.587042808532715,3.022611379623413,0.9562559127807617,3.649813175201416,2.573209524154663,2.6795361042022705,0.3403656780719757,0.06356191635131836,-7.245826721191406,3.256758213043213,-0.16531948745250702,-0.675114631652832,1556.115966796875,457.95782470703125,269.55389404296875,1969.7689208984375,1700.215087890625,132.6634063720703,0.08525290340185165,0.06752950698137283,0.09862358868122101,0.07173212617635727,16.934358596801758,1239.390173381506,638.1579658052234,AH_545841227-5C77713A-66F1-49D0-BC8A-702C152E668D.wav,parkinsons
0.1910596340894699,0.05201336156542056,840.4853605150088,731.5728115152767,1330.8324510806074,-221.31187438964844,31.187593460083008,0.5033556818962097,0.8018798828125,223.48208618164062,16.00754737854004,0.5314351320266724,0.8555600643157959,-51.670345306396484,15.286952018737793,-0.49674829840660095,-0.13437366485595703,-1.8505983352661133,8.140856742858887,1.3521896600723267,2.900717258453369,6.872435569763184,6.040015697479248,0.6737822890281677,-0.10349249839782715,-40.786441802978516,10.15924072265625,-0.37086164951324463,-0.5237648487091064,10.706108093261719,4.9701008796691895,-0.23311196267604828,-0.48482751846313477,5.796261787414551,7.234964370727539,0.47115471959114075,-0.8623785972595215,-33.073360443115234,5.653007984161377,0.8031285405158997,1.097538948059082,-6.447479724884033,5.942787170410156,0.5425575971603394,-0.23942804336547852,-1.0348931550979614,5.753377914428711,0.7025235295295715,0.747473955154419,-2.22976016998291,5.048877716064453,-0.453690767288208,0.47864294052124023,11.971603393554688,3.885794162750244,-0.04584734886884689,-0.025026559829711914,-12.457676887512207,4.156549453735352,-0.050518255680799484,-0.679804801940918,-21.538816452026367,4.555997848510742,0.2561156749725342,1.2200055122375488,-9.782487869262695,2.89078950881958,0.46042463183403015,0.7179610729217529,-22.139137268066406,4.034598350524902,0.4277458190917969,-0.12329912185668945,-7.133486270904541,3.0280344486236572,0.3693390190601349,0.173079252243042,13.252591133117676,3.4626212120056152,-0.2892497181892395,-0.20420265197753906,-7.658217906951904,3.706306219100952,-0.2296750843524933,0.08958697319030762,285.86749267578125,123.82633209228516,240.3631591796875,746.4158935546875,506.052734375,13.956987380981445,0.0488232746720314,0.04478184133768082,0.08799854665994644,0.09126400202512741,13.240728378295898,655.0898865191606,407.0628144845208,AH_545847410-D1BA3BB4-1F61-44CA-ACDE-455A8E97E04B.wav,parkinsons
0.2149517983198166,0.08777608989197531,1208.4616564984146,800.030106591616,2003.9171006944443,-169.30250549316406,12.001487731933594,1.2907793521881104,5.7984113693237305,238.8649444580078,8.272334098815918,1.1253148317337036,4.222005844116211,-109.87244415283203,5.9966044425964355,0.41346707940101624,2.192336082458496,-25.479156494140625,5.814924716949463,1.1161882877349854,3.829843044281006,-2.8510334491729736,4.868997097015381,0.8628723621368408,2.8837342262268066,-55.74184036254883,4.721623420715332,0.3377462327480316,2.780883312225342,24.133455276489258,4.4104437828063965,-0.017549114301800728,-0.12000298500061035,13.707381248474121,5.260347843170166,0.2291131317615509,-0.2953009605407715,-40.729331970214844,4.046079158782959,1.0145856142044067,3.4274168014526367,9.217452049255371,3.373276948928833,0.5432782769203186,0.5066120624542236,9.718395233154297,2.864483594894409,0.08618161827325821,-0.2970116138458252,-17.86957550048828,3.1246697902679443,0.3484422266483307,1.5707745552062988,5.330484867095947,3.965433359146118,-0.7551957368850708,0.7707633972167969,-13.925142288208008,3.7712559700012207,-0.3894483149051666,-0.19421792030334473,-27.976999282836914,2.9609570503234863,0.08796460181474686,1.1870641708374023,2.3318066596984863,2.845024347305298,0.03065081685781479,0.6537928581237793,-4.445140838623047,2.3572473526000977,0.17190775275230408,0.07770943641662598,-7.251774787902832,3.2920680046081543,-0.17945076525211334,-0.5411560535430908,9.496108055114746,3.4437503814697266,-0.6221808791160583,1.436166763305664,-8.280885696411133,2.669482946395874,0.0522976852953434,0.15671467781066895,790.8875732421875,93.94600677490234,188.7258758544922,1239.036376953125,1050.310546875,27.988433837890625,0.03538863733410835,0.02643876150250435,0.1149396076798439,0.07239427417516708,10.311456680297852,958.4858800908826,599.6129067911702,AH_545880204-EE87D3E2-0D4C-4EAA-ACD7-C3F177AFF62F.wav,parkinsons
